Workbook

Sheet Survey Progress
A1: Summary
B2: Total Surveys Submitted | C2: Total Surveys Attempted | D2: # Eligible | E2: Average Duration (min)
A3: Screening & HHH | B3: =IFERROR(__xludf.DUMMYFUNCTION("COUNTA(IMPORTRANGE($B$32, ""data!E2:E800""))"),799.0) -> 799 | C3: =B3 -> 799 | D3: =IFERROR(__xludf.DUMMYFUNCTION("COUNTIF(IMPORTRANGE($B$32, ""data!P2:P800""), ""=1"")"),0.0) -> 0 | E3: =IFERROR(__xludf.DUMMYFUNCTION("AVERAGE(IMPORTRANGE($B32, ""Q:Q""))/60"),"#DIV/0!") -> #DIV/0!
A4: PM | B4: =IFERROR(__xludf.DUMMYFUNCTION("COUNTA(IMPORTRANGE($B$33, ""data!E2:E800""))"),799.0) -> 799 | C4: =B4 -> 799 | D4: =IFERROR(__xludf.DUMMYFUNCTION("COUNTIFS(IMPORTRANGE($B$33, ""data!K2:K800""), ""=1"")"),0.0) -> 0 | E4: =IFERROR(__xludf.DUMMYFUNCTION("AVERAGE(IMPORTRANGE($B33, ""M:M""))/60"),"#DIV/0!") -> #DIV/0!
A5: Woman | B5: =IFERROR(__xludf.DUMMYFUNCTION("COUNTA(IMPORTRANGE($B$34, ""data!E2:E800""))"),799.0) -> 799 | C5: =B5 -> 799 | D5: =IFERROR(__xludf.DUMMYFUNCTION("COUNTIF(IMPORTRANGE($B$34, ""data!K2:K800""), ""=1"")"),0.0) -> 0 | E5: =IFERROR(__xludf.DUMMYFUNCTION("AVERAGE(IMPORTRANGE($B34, ""M:M""))/60"),"#DIV/0!") -> #DIV/0!
A7: Summary By Day: Completed
A9: Screening & HHH | B9: =IFERROR(__xludf.DUMMYFUNCTION("COUNTIF(IMPORTRANGE($B$32, ""data!S2:S800""), ""*""&B$8&""*"")"),0.0) -> 0 | C9: =IFERROR(__xludf.DUMMYFUNCTION("COUNTIF(IMPORTRANGE($B$32, ""data!S2:S800""), ""*""&C$8&""*"")"),0.0) -> 0 | D9: =IFERROR(__xludf.DUMMYFUNCTION("COUNTIF(IMPORTRANGE($B$32, ""data!S2:S800""), ""*""&D$8&""*"")"),0.0) -> 0 | E9: =IFERROR(__xludf.DUMMYFUNCTION("COUNTIF(IMPORTRANGE($B$32, ""data!S2:S800""), ""*""&E$8&""*"")"),0.0) -> 0 | F9: =IFERROR(__xludf.DUMMYFUNCTION("COUNTIF(IMPORTRANGE($B$32, ""data!S2:S800""), ""*""&F$8&""*"")"),0.0) -> 0 | G9: =IFERROR(__xludf.DUMMYFUNCTION("COUNTIF(IMPORTRANGE($B$32, ""data!S2:S800""), ""*""&G$8&""*"")"),0.0) -> 0 | H9: =IFERROR(__xludf.DUMMYFUNCTION("COUNTIF(IMPORTRANGE($B$32, ""data!S2:S800""), ""*""&H$8&""*"")"),0.0) -> 0 | I9: =IFERROR(__xludf.DUMMYFUNCTION("COUNTIF(IMPORTRANGE($B$32, ""data!S2:S800""), ""*""&I$8&""*"")"),0.0) -> 0 | J9: =IFERROR(__xludf.DUMMYFUNCTION("COUNTIF(IMPORTRANGE($B$32, ""data!S2:S800""), ""*""&J$8&""*"")"),0.0) -> 0 | K9: =IFERROR(__xludf.DUMMYFUNCTION("COUNTIF(IMPORTRANGE($B$32, ""data!S2:S800""), ""*""&K$8&""*"")"),0.0) -> 0 | L9: =IFERROR(__xludf.DUMMYFUNCTION("COUNTIF(IMPORTRANGE($B$32, ""data!S2:S800""), ""*""&L$8&""*"")"),0.0) -> 0 | M9: =IFERROR(__xludf.DUMMYFUNCTION("COUNTIF(IMPORTRANGE($B$32, ""data!S2:S800""), ""*""&M$8&""*"")"),0.0) -> 0 | N9: =IFERROR(__xludf.DUMMYFUNCTION("COUNTIF(IMPORTRANGE($B$32, ""data!S2:S800""), ""*""&N$8&""*"")"),0.0) -> 0 | O9: =IFERROR(__xludf.DUMMYFUNCTION("COUNTIF(IMPORTRANGE($B$32, ""data!S2:S800""), ""*""&O$8&""*"")"),0.0) -> 0 | P9: =IFERROR(__xludf.DUMMYFUNCTION("COUNTIF(IMPORTRANGE($B$32, ""data!S2:S800""), ""*""&P$8&""*"")"),0.0) -> 0 | Q9: =IFERROR(__xludf.DUMMYFUNCTION("COUNTIF(IMPORTRANGE($B$32, ""data!S2:S800""), ""*""&Q$8&""*"")"),0.0) -> 0
A10: PM | B10: =IFERROR(__xludf.DUMMYFUNCTION("COUNTIF(IMPORTRANGE($B$33, ""data!O2:O800""), ""*""&B$8&""*"")"),0.0) -> 0 | C10: =IFERROR(__xludf.DUMMYFUNCTION("COUNTIF(IMPORTRANGE($B$33, ""data!O2:O800""), ""*""&C$8&""*"")"),0.0) -> 0 | D10: =IFERROR(__xludf.DUMMYFUNCTION("COUNTIF(IMPORTRANGE($B$33, ""data!O2:O800""), ""*""&D$8&""*"")"),0.0) -> 0 | E10: =IFERROR(__xludf.DUMMYFUNCTION("COUNTIF(IMPORTRANGE($B$33, ""data!O2:O800""), ""*""&E$8&""*"")"),0.0) -> 0 | F10: =IFERROR(__xludf.DUMMYFUNCTION("COUNTIF(IMPORTRANGE($B$33, ""data!O2:O800""), ""*""&F$8&""*"")"),0.0) -> 0 | G10: =IFERROR(__xludf.DUMMYFUNCTION("COUNTIF(IMPORTRANGE($B$33, ""data!O2:O800""), ""*""&G$8&""*"")"),0.0) -> 0 | H10: =IFERROR(__xludf.DUMMYFUNCTION("COUNTIF(IMPORTRANGE($B$33, ""data!O2:O800""), ""*""&H$8&""*"")"),0.0) -> 0 | I10: =IFERROR(__xludf.DUMMYFUNCTION("COUNTIF(IMPORTRANGE($B$33, ""data!O2:O800""), ""*""&I$8&""*"")"),0.0) -> 0 | J10: =IFERROR(__xludf.DUMMYFUNCTION("COUNTIF(IMPORTRANGE($B$33, ""data!O2:O800""), ""*""&J$8&""*"")"),0.0) -> 0 | K10: =IFERROR(__xludf.DUMMYFUNCTION("COUNTIF(IMPORTRANGE($B$33, ""data!O2:O800""), ""*""&K$8&""*"")"),0.0) -> 0 | L10: =IFERROR(__xludf.DUMMYFUNCTION("COUNTIF(IMPORTRANGE($B$33, ""data!O2:O800""), ""*""&L$8&""*"")"),0.0) -> 0 | M10: =IFERROR(__xludf.DUMMYFUNCTION("COUNTIF(IMPORTRANGE($B$33, ""data!O2:O800""), ""*""&M$8&""*"")"),0.0) -> 0 | N10: =IFERROR(__xludf.DUMMYFUNCTION("COUNTIF(IMPORTRANGE($B$33, ""data!O2:O800""), ""*""&N$8&""*"")"),0.0) -> 0 | O10: =IFERROR(__xludf.DUMMYFUNCTION("COUNTIF(IMPORTRANGE($B$33, ""data!O2:O800""), ""*""&O$8&""*"")"),0.0) -> 0 | P10: =IFERROR(__xludf.DUMMYFUNCTION("COUNTIF(IMPORTRANGE($B$33, ""data!O2:O800""), ""*""&P$8&""*"")"),0.0) -> 0 | Q10: =IFERROR(__xludf.DUMMYFUNCTION("COUNTIF(IMPORTRANGE($B$33, ""data!O2:O800""), ""*""&Q$8&""*"")"),0.0) -> 0
A11: Woman | B11: =IFERROR(__xludf.DUMMYFUNCTION("COUNTIF(IMPORTRANGE($B$34, ""data!O2:O800""), ""*""&B$8&""*"")"),0.0) -> 0 | C11: =IFERROR(__xludf.DUMMYFUNCTION("COUNTIF(IMPORTRANGE($B$34, ""data!O2:O800""), ""*""&C$8&""*"")"),0.0) -> 0 | D11: =IFERROR(__xludf.DUMMYFUNCTION("COUNTIF(IMPORTRANGE($B$34, ""data!O2:O800""), ""*""&D$8&""*"")"),0.0) -> 0 | E11: =IFERROR(__xludf.DUMMYFUNCTION("COUNTIF(IMPORTRANGE($B$34, ""data!O2:O800""), ""*""&E$8&""*"")"),0.0) -> 0 | F11: =IFERROR(__xludf.DUMMYFUNCTION("COUNTIF(IMPORTRANGE($B$34, ""data!O2:O800""), ""*""&F$8&""*"")"),0.0) -> 0 | G11: =IFERROR(__xludf.DUMMYFUNCTION("COUNTIF(IMPORTRANGE($B$34, ""data!O2:O800""), ""*""&G$8&""*"")"),0.0) -> 0 | H11: =IFERROR(__xludf.DUMMYFUNCTION("COUNTIF(IMPORTRANGE($B$34, ""data!O2:O800""), ""*""&H$8&""*"")"),0.0) -> 0 | I11: =IFERROR(__xludf.DUMMYFUNCTION("COUNTIF(IMPORTRANGE($B$34, ""data!O2:O800""), ""*""&I$8&""*"")"),0.0) -> 0 | J11: =IFERROR(__xludf.DUMMYFUNCTION("COUNTIF(IMPORTRANGE($B$34, ""data!O2:O800""), ""*""&J$8&""*"")"),0.0) -> 0 | K11: =IFERROR(__xludf.DUMMYFUNCTION("COUNTIF(IMPORTRANGE($B$34, ""data!O2:O800""), ""*""&K$8&""*"")"),0.0) -> 0 | L11: =IFERROR(__xludf.DUMMYFUNCTION("COUNTIF(IMPORTRANGE($B$34, ""data!O2:O800""), ""*""&L$8&""*"")"),0.0) -> 0 | M11: =IFERROR(__xludf.DUMMYFUNCTION("COUNTIF(IMPORTRANGE($B$34, ""data!O2:O800""), ""*""&M$8&""*"")"),0.0) -> 0 | N11: =IFERROR(__xludf.DUMMYFUNCTION("COUNTIF(IMPORTRANGE($B$34, ""data!O2:O800""), ""*""&N$8&""*"")"),0.0) -> 0 | O11: =IFERROR(__xludf.DUMMYFUNCTION("COUNTIF(IMPORTRANGE($B$34, ""data!O2:O800""), ""*""&O$8&""*"")"),0.0) -> 0 | P11: =IFERROR(__xludf.DUMMYFUNCTION("COUNTIF(IMPORTRANGE($B$34, ""data!O2:O800""), ""*""&P$8&""*"")"),0.0) -> 0 | Q11: =IFERROR(__xludf.DUMMYFUNCTION("COUNTIF(IMPORTRANGE($B$34, ""data!O2:O800""), ""*""&Q$8&""*"")"),0.0) -> 0
A12: Total | B12: =SUM(B9:B11) -> 0 | C12: =SUM(C9:C11) -> 0 | D12: =SUM(D9:D11) -> 0 | E12: =SUM(E9:E11) -> 0 | F12: =SUM(F9:F11) -> 0 | G12: =SUM(G9:G11) -> 0 | H12: =SUM(H9:H11) -> 0 | I12: =SUM(I9:I11) -> 0 | ... Q12: =SUM(Q9:Q11) -> 0
A14: Summary by Area
A16: Screening & HHH | B16: =IFERROR(__xludf.DUMMYFUNCTION("COUNTIF(IMPORTRANGE($B32, ""data!G2:G800""), ""1"")"),788.0) -> 788 | C16: =IFERROR(__xludf.DUMMYFUNCTION("COUNTIF(IMPORTRANGE($B32, ""data!G2:G800""), ""2"")"),0.0) -> 0 | D16: =IFERROR(__xludf.DUMMYFUNCTION("COUNTIF(IMPORTRANGE($B32, ""data!G2:G800""), ""3"")"),0.0) -> 0 | E16: =IFERROR(__xludf.DUMMYFUNCTION("COUNTIF(IMPORTRANGE($B32, ""data!G2:G800""), ""4"")"),0.0) -> 0 | F16: =IFERROR(__xludf.DUMMYFUNCTION("COUNTIF(IMPORTRANGE($B32, ""data!G2:G800""), ""5"")"),0.0) -> 0 | G16: =IFERROR(__xludf.DUMMYFUNCTION("COUNTIF(IMPORTRANGE($B32, ""data!G2:G800""), ""6"")"),0.0) -> 0 | H16: =IFERROR(__xludf.DUMMYFUNCTION("COUNTIF(IMPORTRANGE($B32, ""data!G2:G800""), ""7"")"),0.0) -> 0 | I16: =IFERROR(__xludf.DUMMYFUNCTION("COUNTIF(IMPORTRANGE($B32, ""data!G2:G800""), ""8"")"),0.0) -> 0
A17: PM | B17: =IFERROR(__xludf.DUMMYFUNCTION("COUNTIF(IMPORTRANGE($B33, ""data!G2:G800""), ""1"")"),799.0) -> 799 | C17: =IFERROR(__xludf.DUMMYFUNCTION("COUNTIF(IMPORTRANGE($B33, ""data!G2:G800""), ""2"")"),0.0) -> 0 | D17: =IFERROR(__xludf.DUMMYFUNCTION("COUNTIF(IMPORTRANGE($B33, ""data!G2:G800""), ""3"")"),0.0) -> 0 | E17: =IFERROR(__xludf.DUMMYFUNCTION("COUNTIF(IMPORTRANGE($B33, ""data!G2:G800""), ""4"")"),0.0) -> 0 | F17: =IFERROR(__xludf.DUMMYFUNCTION("COUNTIF(IMPORTRANGE($B33, ""data!G2:G800""), ""5"")"),0.0) -> 0 | G17: =IFERROR(__xludf.DUMMYFUNCTION("COUNTIF(IMPORTRANGE($B33, ""data!G2:G800""), ""6"")"),0.0) -> 0 | H17: =IFERROR(__xludf.DUMMYFUNCTION("COUNTIF(IMPORTRANGE($B33, ""data!G2:G800""), ""7"")"),0.0) -> 0 | I17: =IFERROR(__xludf.DUMMYFUNCTION("COUNTIF(IMPORTRANGE($B33, ""data!G2:G800""), ""8"")"),0.0) -> 0
A18: Woman | B18: =IFERROR(__xludf.DUMMYFUNCTION("COUNTIF(IMPORTRANGE($B34, ""data!G2:G800""), ""1"")"),0.0) -> 0 | C18: =IFERROR(__xludf.DUMMYFUNCTION("COUNTIF(IMPORTRANGE($B34, ""data!G2:G800""), ""2"")"),0.0) -> 0 | D18: =IFERROR(__xludf.DUMMYFUNCTION("COUNTIF(IMPORTRANGE($B34, ""data!G2:G800""), ""3"")"),0.0) -> 0 | E18: =IFERROR(__xludf.DUMMYFUNCTION("COUNTIF(IMPORTRANGE($B34, ""data!G2:G800""), ""4"")"),0.0) -> 0 | F18: =IFERROR(__xludf.DUMMYFUNCTION("COUNTIF(IMPORTRANGE($B34, ""data!G2:G800""), ""5"")"),0.0) -> 0 | G18: =IFERROR(__xludf.DUMMYFUNCTION("COUNTIF(IMPORTRANGE($B34, ""data!G2:G800""), ""6"")"),0.0) -> 0 | H18: =IFERROR(__xludf.DUMMYFUNCTION("COUNTIF(IMPORTRANGE($B34, ""data!G2:G800""), ""7"")"),0.0) -> 0 | I18: =IFERROR(__xludf.DUMMYFUNCTION("COUNTIF(IMPORTRANGE($B34, ""data!G2:G800""), ""8"")"),0.0) -> 0
A19: Total | B19: =SUM(B16:B18) -> 1587 | C19: =SUM(C16:C18) -> 0 | D19: =SUM(D16:D18) -> 0 | E19: =SUM(E16:E18) -> 0 | F19: =SUM(F16:F18) -> 0 | G19: =SUM(G16:G18) -> 0 | H19: =SUM(H16:H18) -> 0 | I19: =SUM(I16:I18) -> 0
A32: Screening | B32: https://docs.google.com/spreadsheets/d/1tU4Qo2DtF9Xe5S6gIoKHsRfFV726hJmY9lYRofmirHo/edit#gid=1181262859
A33: PM | B33: https://docs.google.com/spreadsheets/d/1fFfESj3oIQjwk2c8HB-TSt4vyYGbHLlIzmuzmUq6cT0/edit?usp=sharing
A34: Woman | B34: https://docs.google.com/spreadsheets/d/1l38eTowlS5apPQYieM_wB7W_mVwZRvoVp75QAurEFbw/edit?usp=sharing
A35: SHM | B35: https://docs.google.com/spreadsheets/d/1vLOhdr9eYys_lGrQi_ovg7Sm2aCQ0dqPoIjaEOBAc3k/edit?usp=sharing

Sheet IDs
A1: =CONCAT("Completed households: ", COUNTIF(E6:E500, "=1")) -> Completed households: 0
A2: =CONCAT("Incomplete eligible households: ", COUNTIFS(E6:E500, "=0", A6:A500, "<>"&"")) -> Incomplete eligible households: 1
A3: =CONCAT("Ineligible households: ", COUNTIF(B6:B205, "Ineligible")) -> Ineligible households: 0
A5: IDs | B5: Screening | C5: PM | D5: Woman
A6: =IFERROR(__xludf.DUMMYFUNCTION("UNIQUE(IMPORTRANGE('Survey Progress'!$B$32, ""data!H2:H800""))"),0.0) -> 0 | B6: =IFERROR(__xludf.DUMMYFUNCTION("IF(ISERROR(VLOOKUP(A6, IMPORTRANGE('Survey Progress'!$B$32, ""data!H2:M800""), 5, FALSE)), """", IF(VLOOKUP(A6, IMPORTRANGE('Survey Progress'!$B$32, ""data!H2:M800""), 5, FALSE) = 1, ""Eligible"", ""Ineligible""))"),"Eligible") -> Eligible | C6: =IFERROR(__xludf.DUMMYFUNCTION("IF(A6="""", """", IF(ISERROR(VLOOKUP(A6, IMPORTRANGE('Survey Progress'!$B$33, ""data!I2:L800""), 1, FALSE)), ""No Survey"", IF(VLOOKUP(A6, IMPORTRANGE('Survey Progress'!$B$33, ""data!I2:L800""), 2, FALSE) = 0, ""Incomplete"", ""Complete"")))"),"No Survey") -> No Survey | D6: =IFERROR(__xludf.DUMMYFUNCTION("IF(A6="""", """", IF(ISERROR(VLOOKUP(A6, IMPORTRANGE('Survey Progress'!$B$34, ""data!I2:L800""), 1, FALSE)), ""No Survey"", IF(VLOOKUP(A6, IMPORTRANGE('Survey Progress'!$B$34, ""data!I2:L800""), 2, FALSE) = 0, ""Incomplete"", ""Complete"")))"),"Complete") -> Complete | E6: =IF(B6="Ineligible", 2, IF(AND(C6="Complete", D6="Complete"), 1, 0)) -> 0
B7: =IFERROR(__xludf.DUMMYFUNCTION("IF(ISERROR(VLOOKUP(A7, IMPORTRANGE('Survey Progress'!$B$32, ""data!H2:M800""), 5, FALSE)), """", IF(VLOOKUP(A7, IMPORTRANGE('Survey Progress'!$B$32, ""data!H2:M800""), 5, FALSE) = 1, ""Eligible"", ""Ineligible""))"),"Eligible") -> Eligible | C7: =IFERROR(__xludf.DUMMYFUNCTION("IF(A7="""", """", IF(ISERROR(VLOOKUP(A7, IMPORTRANGE('Survey Progress'!$B$33, ""data!I2:L800""), 1, FALSE)), ""No Survey"", IF(VLOOKUP(A7, IMPORTRANGE('Survey Progress'!$B$33, ""data!I2:L800""), 2, FALSE) = 0, ""Incomplete"", ""Complete"")))"),"") | D7: =IFERROR(__xludf.DUMMYFUNCTION("IF(A7="""", """", IF(ISERROR(VLOOKUP(A7, IMPORTRANGE('Survey Progress'!$B$34, ""data!I2:L800""), 1, FALSE)), ""No Survey"", IF(VLOOKUP(A7, IMPORTRANGE('Survey Progress'!$B$34, ""data!I2:L800""), 2, FALSE) = 0, ""Incomplete"", ""Complete"")))"),"") | E7: =IF(B7="Ineligible", 2, IF(AND(C7="Complete", D7="Complete"), 1, 0)) -> 0 | H7: GRAY = Ineligible HH
B8: =IFERROR(__xludf.DUMMYFUNCTION("IF(ISERROR(VLOOKUP(A8, IMPORTRANGE('Survey Progress'!$B$32, ""data!H2:M800""), 5, FALSE)), """", IF(VLOOKUP(A8, IMPORTRANGE('Survey Progress'!$B$32, ""data!H2:M800""), 5, FALSE) = 1, ""Eligible"", ""Ineligible""))"),"Eligible") -> Eligible | C8: =IFERROR(__xludf.DUMMYFUNCTION("IF(A8="""", """", IF(ISERROR(VLOOKUP(A8, IMPORTRANGE('Survey Progress'!$B$33, ""data!I2:L800""), 1, FALSE)), ""No Survey"", IF(VLOOKUP(A8, IMPORTRANGE('Survey Progress'!$B$33, ""data!I2:L800""), 2, FALSE) = 0, ""Incomplete"", ""Complete"")))"),"") | D8: =IFERROR(__xludf.DUMMYFUNCTION("IF(A8="""", """", IF(ISERROR(VLOOKUP(A8, IMPORTRANGE('Survey Progress'!$B$34, ""data!I2:L800""), 1, FALSE)), ""No Survey"", IF(VLOOKUP(A8, IMPORTRANGE('Survey Progress'!$B$34, ""data!I2:L800""), 2, FALSE) = 0, ""Incomplete"", ""Complete"")))"),"") | E8: =IF(B8="Ineligible", 2, IF(AND(C8="Complete", D8="Complete"), 1, 0)) -> 0 | H8: GREEN = Eligible HH & PM, ALL Surveys complete
B9: =IFERROR(__xludf.DUMMYFUNCTION("IF(ISERROR(VLOOKUP(A9, IMPORTRANGE('Survey Progress'!$B$32, ""data!H2:M800""), 5, FALSE)), """", IF(VLOOKUP(A9, IMPORTRANGE('Survey Progress'!$B$32, ""data!H2:M800""), 5, FALSE) = 1, ""Eligible"", ""Ineligible""))"),"Eligible") -> Eligible | C9: =IFERROR(__xludf.DUMMYFUNCTION("IF(A9="""", """", IF(ISERROR(VLOOKUP(A9, IMPORTRANGE('Survey Progress'!$B$33, ""data!I2:L800""), 1, FALSE)), ""No Survey"", IF(VLOOKUP(A9, IMPORTRANGE('Survey Progress'!$B$33, ""data!I2:L800""), 2, FALSE) = 0, ""Incomplete"", ""Complete"")))"),"") | D9: =IFERROR(__xludf.DUMMYFUNCTION("IF(A9="""", """", IF(ISERROR(VLOOKUP(A9, IMPORTRANGE('Survey Progress'!$B$34, ""data!I2:L800""), 1, FALSE)), ""No Survey"", IF(VLOOKUP(A9, IMPORTRANGE('Survey Progress'!$B$34, ""data!I2:L800""), 2, FALSE) = 0, ""Incomplete"", ""Complete"")))"),"") | E9: =IF(B9="Ineligible", 2, IF(AND(C9="Complete", D9="Complete"), 1, 0)) -> 0 | H9: RED = Eligible HH & PM, Some surveys incomplete
B10: =IFERROR(__xludf.DUMMYFUNCTION("IF(ISERROR(VLOOKUP(A10, IMPORTRANGE('Survey Progress'!$B$32, ""data!H2:M800""), 5, FALSE)), """", IF(VLOOKUP(A10, IMPORTRANGE('Survey Progress'!$B$32, ""data!H2:M800""), 5, FALSE) = 1, ""Eligible"", ""Ineligible""))"),"Eligible") -> Eligible | C10: =IFERROR(__xludf.DUMMYFUNCTION("IF(A10="""", """", IF(ISERROR(VLOOKUP(A10, IMPORTRANGE('Survey Progress'!$B$33, ""data!I2:L800""), 1, FALSE)), ""No Survey"", IF(VLOOKUP(A10, IMPORTRANGE('Survey Progress'!$B$33, ""data!I2:L800""), 2, FALSE) = 0, ""Incomplete"", ""Complete"")))"),"") | D10: =IFERROR(__xludf.DUMMYFUNCTION("IF(A10="""", """", IF(ISERROR(VLOOKUP(A10, IMPORTRANGE('Survey Progress'!$B$34, ""data!I2:L800""), 1, FALSE)), ""No Survey"", IF(VLOOKUP(A10, IMPORTRANGE('Survey Progress'!$B$34, ""data!I2:L800""), 2, FALSE) = 0, ""Incomplete"", ""Complete"")))"),"") | E10: =IF(B10="Ineligible", 2, IF(AND(C10="Complete", D10="Complete"), 1, 0)) -> 0
B11: =IFERROR(__xludf.DUMMYFUNCTION("IF(ISERROR(VLOOKUP(A11, IMPORTRANGE('Survey Progress'!$B$32, ""data!H2:M800""), 5, FALSE)), """", IF(VLOOKUP(A11, IMPORTRANGE('Survey Progress'!$B$32, ""data!H2:M800""), 5, FALSE) = 1, ""Eligible"", ""Ineligible""))"),"Eligible") -> Eligible | C11: =IFERROR(__xludf.DUMMYFUNCTION("IF(A11="""", """", IF(ISERROR(VLOOKUP(A11, IMPORTRANGE('Survey Progress'!$B$33, ""data!I2:L800""), 1, FALSE)), ""No Survey"", IF(VLOOKUP(A11, IMPORTRANGE('Survey Progress'!$B$33, ""data!I2:L800""), 2, FALSE) = 0, ""Incomplete"", ""Complete"")))"),"") | D11: =IFERROR(__xludf.DUMMYFUNCTION("IF(A11="""", """", IF(ISERROR(VLOOKUP(A11, IMPORTRANGE('Survey Progress'!$B$34, ""data!I2:L800""), 1, FALSE)), ""No Survey"", IF(VLOOKUP(A11, IMPORTRANGE('Survey Progress'!$B$34, ""data!I2:L800""), 2, FALSE) = 0, ""Incomplete"", ""Complete"")))"),"") | E11: =IF(B11="Ineligible", 2, IF(AND(C11="Complete", D11="Complete"), 1, 0)) -> 0
B12: =IFERROR(__xludf.DUMMYFUNCTION("IF(ISERROR(VLOOKUP(A12, IMPORTRANGE('Survey Progress'!$B$32, ""data!H2:M800""), 5, FALSE)), """", IF(VLOOKUP(A12, IMPORTRANGE('Survey Progress'!$B$32, ""data!H2:M800""), 5, FALSE) = 1, ""Eligible"", ""Ineligible""))"),"Eligible") -> Eligible | C12: =IFERROR(__xludf.DUMMYFUNCTION("IF(A12="""", """", IF(ISERROR(VLOOKUP(A12, IMPORTRANGE('Survey Progress'!$B$33, ""data!I2:L800""), 1, FALSE)), ""No Survey"", IF(VLOOKUP(A12, IMPORTRANGE('Survey Progress'!$B$33, ""data!I2:L800""), 2, FALSE) = 0, ""Incomplete"", ""Complete"")))"),"") | D12: =IFERROR(__xludf.DUMMYFUNCTION("IF(A12="""", """", IF(ISERROR(VLOOKUP(A12, IMPORTRANGE('Survey Progress'!$B$34, ""data!I2:L800""), 1, FALSE)), ""No Survey"", IF(VLOOKUP(A12, IMPORTRANGE('Survey Progress'!$B$34, ""data!I2:L800""), 2, FALSE) = 0, ""Incomplete"", ""Complete"")))"),"") | E12: =IF(B12="Ineligible", 2, IF(AND(C12="Complete", D12="Complete"), 1, 0)) -> 0
B13: =IFERROR(__xludf.DUMMYFUNCTION("IF(ISERROR(VLOOKUP(A13, IMPORTRANGE('Survey Progress'!$B$32, ""data!H2:M800""), 5, FALSE)), """", IF(VLOOKUP(A13, IMPORTRANGE('Survey Progress'!$B$32, ""data!H2:M800""), 5, FALSE) = 1, ""Eligible"", ""Ineligible""))"),"Eligible") -> Eligible | C13: =IFERROR(__xludf.DUMMYFUNCTION("IF(A13="""", """", IF(ISERROR(VLOOKUP(A13, IMPORTRANGE('Survey Progress'!$B$33, ""data!I2:L800""), 1, FALSE)), ""No Survey"", IF(VLOOKUP(A13, IMPORTRANGE('Survey Progress'!$B$33, ""data!I2:L800""), 2, FALSE) = 0, ""Incomplete"", ""Complete"")))"),"") | D13: =IFERROR(__xludf.DUMMYFUNCTION("IF(A13="""", """", IF(ISERROR(VLOOKUP(A13, IMPORTRANGE('Survey Progress'!$B$34, ""data!I2:L800""), 1, FALSE)), ""No Survey"", IF(VLOOKUP(A13, IMPORTRANGE('Survey Progress'!$B$34, ""data!I2:L800""), 2, FALSE) = 0, ""Incomplete"", ""Complete"")))"),"") | E13: =IF(B13="Ineligible", 2, IF(AND(C13="Complete", D13="Complete"), 1, 0)) -> 0
B14: =IFERROR(__xludf.DUMMYFUNCTION("IF(ISERROR(VLOOKUP(A14, IMPORTRANGE('Survey Progress'!$B$32, ""data!H2:M800""), 5, FALSE)), """", IF(VLOOKUP(A14, IMPORTRANGE('Survey Progress'!$B$32, ""data!H2:M800""), 5, FALSE) = 1, ""Eligible"", ""Ineligible""))"),"Eligible") -> Eligible | C14: =IFERROR(__xludf.DUMMYFUNCTION("IF(A14="""", """", IF(ISERROR(VLOOKUP(A14, IMPORTRANGE('Survey Progress'!$B$33, ""data!I2:L800""), 1, FALSE)), ""No Survey"", IF(VLOOKUP(A14, IMPORTRANGE('Survey Progress'!$B$33, ""data!I2:L800""), 2, FALSE) = 0, ""Incomplete"", ""Complete"")))"),"") | D14: =IFERROR(__xludf.DUMMYFUNCTION("IF(A14="""", """", IF(ISERROR(VLOOKUP(A14, IMPORTRANGE('Survey Progress'!$B$34, ""data!I2:L800""), 1, FALSE)), ""No Survey"", IF(VLOOKUP(A14, IMPORTRANGE('Survey Progress'!$B$34, ""data!I2:L800""), 2, FALSE) = 0, ""Incomplete"", ""Complete"")))"),"") | E14: =IF(B14="Ineligible", 2, IF(AND(C14="Complete", D14="Complete"), 1, 0)) -> 0
B15: =IFERROR(__xludf.DUMMYFUNCTION("IF(ISERROR(VLOOKUP(A15, IMPORTRANGE('Survey Progress'!$B$32, ""data!H2:M800""), 5, FALSE)), """", IF(VLOOKUP(A15, IMPORTRANGE('Survey Progress'!$B$32, ""data!H2:M800""), 5, FALSE) = 1, ""Eligible"", ""Ineligible""))"),"Eligible") -> Eligible | C15: =IFERROR(__xludf.DUMMYFUNCTION("IF(A15="""", """", IF(ISERROR(VLOOKUP(A15, IMPORTRANGE('Survey Progress'!$B$33, ""data!I2:L800""), 1, FALSE)), ""No Survey"", IF(VLOOKUP(A15, IMPORTRANGE('Survey Progress'!$B$33, ""data!I2:L800""), 2, FALSE) = 0, ""Incomplete"", ""Complete"")))"),"") | D15: =IFERROR(__xludf.DUMMYFUNCTION("IF(A15="""", """", IF(ISERROR(VLOOKUP(A15, IMPORTRANGE('Survey Progress'!$B$34, ""data!I2:L800""), 1, FALSE)), ""No Survey"", IF(VLOOKUP(A15, IMPORTRANGE('Survey Progress'!$B$34, ""data!I2:L800""), 2, FALSE) = 0, ""Incomplete"", ""Complete"")))"),"") | E15: =IF(B15="Ineligible", 2, IF(AND(C15="Complete", D15="Complete"), 1, 0)) -> 0
B16: =IFERROR(__xludf.DUMMYFUNCTION("IF(ISERROR(VLOOKUP(A16, IMPORTRANGE('Survey Progress'!$B$32, ""data!H2:M800""), 5, FALSE)), """", IF(VLOOKUP(A16, IMPORTRANGE('Survey Progress'!$B$32, ""data!H2:M800""), 5, FALSE) = 1, ""Eligible"", ""Ineligible""))"),"Eligible") -> Eligible | C16: =IFERROR(__xludf.DUMMYFUNCTION("IF(A16="""", """", IF(ISERROR(VLOOKUP(A16, IMPORTRANGE('Survey Progress'!$B$33, ""data!I2:L800""), 1, FALSE)), ""No Survey"", IF(VLOOKUP(A16, IMPORTRANGE('Survey Progress'!$B$33, ""data!I2:L800""), 2, FALSE) = 0, ""Incomplete"", ""Complete"")))"),"") | D16: =IFERROR(__xludf.DUMMYFUNCTION("IF(A16="""", """", IF(ISERROR(VLOOKUP(A16, IMPORTRANGE('Survey Progress'!$B$34, ""data!I2:L800""), 1, FALSE)), ""No Survey"", IF(VLOOKUP(A16, IMPORTRANGE('Survey Progress'!$B$34, ""data!I2:L800""), 2, FALSE) = 0, ""Incomplete"", ""Complete"")))"),"") | E16: =IF(B16="Ineligible", 2, IF(AND(C16="Complete", D16="Complete"), 1, 0)) -> 0
B17: =IFERROR(__xludf.DUMMYFUNCTION("IF(ISERROR(VLOOKUP(A17, IMPORTRANGE('Survey Progress'!$B$32, ""data!H2:M800""), 5, FALSE)), """", IF(VLOOKUP(A17, IMPORTRANGE('Survey Progress'!$B$32, ""data!H2:M800""), 5, FALSE) = 1, ""Eligible"", ""Ineligible""))"),"Eligible") -> Eligible | C17: =IFERROR(__xludf.DUMMYFUNCTION("IF(A17="""", """", IF(ISERROR(VLOOKUP(A17, IMPORTRANGE('Survey Progress'!$B$33, ""data!I2:L800""), 1, FALSE)), ""No Survey"", IF(VLOOKUP(A17, IMPORTRANGE('Survey Progress'!$B$33, ""data!I2:L800""), 2, FALSE) = 0, ""Incomplete"", ""Complete"")))"),"") | D17: =IFERROR(__xludf.DUMMYFUNCTION("IF(A17="""", """", IF(ISERROR(VLOOKUP(A17, IMPORTRANGE('Survey Progress'!$B$34, ""data!I2:L800""), 1, FALSE)), ""No Survey"", IF(VLOOKUP(A17, IMPORTRANGE('Survey Progress'!$B$34, ""data!I2:L800""), 2, FALSE) = 0, ""Incomplete"", ""Complete"")))"),"") | E17: =IF(B17="Ineligible", 2, IF(AND(C17="Complete", D17="Complete"), 1, 0)) -> 0
B18: =IFERROR(__xludf.DUMMYFUNCTION("IF(ISERROR(VLOOKUP(A18, IMPORTRANGE('Survey Progress'!$B$32, ""data!H2:M800""), 5, FALSE)), """", IF(VLOOKUP(A18, IMPORTRANGE('Survey Progress'!$B$32, ""data!H2:M800""), 5, FALSE) = 1, ""Eligible"", ""Ineligible""))"),"Eligible") -> Eligible | C18: =IFERROR(__xludf.DUMMYFUNCTION("IF(A18="""", """", IF(ISERROR(VLOOKUP(A18, IMPORTRANGE('Survey Progress'!$B$33, ""data!I2:L800""), 1, FALSE)), ""No Survey"", IF(VLOOKUP(A18, IMPORTRANGE('Survey Progress'!$B$33, ""data!I2:L800""), 2, FALSE) = 0, ""Incomplete"", ""Complete"")))"),"") | D18: =IFERROR(__xludf.DUMMYFUNCTION("IF(A18="""", """", IF(ISERROR(VLOOKUP(A18, IMPORTRANGE('Survey Progress'!$B$34, ""data!I2:L800""), 1, FALSE)), ""No Survey"", IF(VLOOKUP(A18, IMPORTRANGE('Survey Progress'!$B$34, ""data!I2:L800""), 2, FALSE) = 0, ""Incomplete"", ""Complete"")))"),"") | E18: =IF(B18="Ineligible", 2, IF(AND(C18="Complete", D18="Complete"), 1, 0)) -> 0
B19: =IFERROR(__xludf.DUMMYFUNCTION("IF(ISERROR(VLOOKUP(A19, IMPORTRANGE('Survey Progress'!$B$32, ""data!H2:M800""), 5, FALSE)), """", IF(VLOOKUP(A19, IMPORTRANGE('Survey Progress'!$B$32, ""data!H2:M800""), 5, FALSE) = 1, ""Eligible"", ""Ineligible""))"),"Eligible") -> Eligible | C19: =IFERROR(__xludf.DUMMYFUNCTION("IF(A19="""", """", IF(ISERROR(VLOOKUP(A19, IMPORTRANGE('Survey Progress'!$B$33, ""data!I2:L800""), 1, FALSE)), ""No Survey"", IF(VLOOKUP(A19, IMPORTRANGE('Survey Progress'!$B$33, ""data!I2:L800""), 2, FALSE) = 0, ""Incomplete"", ""Complete"")))"),"") | D19: =IFERROR(__xludf.DUMMYFUNCTION("IF(A19="""", """", IF(ISERROR(VLOOKUP(A19, IMPORTRANGE('Survey Progress'!$B$34, ""data!I2:L800""), 1, FALSE)), ""No Survey"", IF(VLOOKUP(A19, IMPORTRANGE('Survey Progress'!$B$34, ""data!I2:L800""), 2, FALSE) = 0, ""Incomplete"", ""Complete"")))"),"") | E19: =IF(B19="Ineligible", 2, IF(AND(C19="Complete", D19="Complete"), 1, 0)) -> 0
B20: =IFERROR(__xludf.DUMMYFUNCTION("IF(ISERROR(VLOOKUP(A20, IMPORTRANGE('Survey Progress'!$B$32, ""data!H2:M800""), 5, FALSE)), """", IF(VLOOKUP(A20, IMPORTRANGE('Survey Progress'!$B$32, ""data!H2:M800""), 5, FALSE) = 1, ""Eligible"", ""Ineligible""))"),"Eligible") -> Eligible | C20: =IFERROR(__xludf.DUMMYFUNCTION("IF(A20="""", """", IF(ISERROR(VLOOKUP(A20, IMPORTRANGE('Survey Progress'!$B$33, ""data!I2:L800""), 1, FALSE)), ""No Survey"", IF(VLOOKUP(A20, IMPORTRANGE('Survey Progress'!$B$33, ""data!I2:L800""), 2, FALSE) = 0, ""Incomplete"", ""Complete"")))"),"") | D20: =IFERROR(__xludf.DUMMYFUNCTION("IF(A20="""", """", IF(ISERROR(VLOOKUP(A20, IMPORTRANGE('Survey Progress'!$B$34, ""data!I2:L800""), 1, FALSE)), ""No Survey"", IF(VLOOKUP(A20, IMPORTRANGE('Survey Progress'!$B$34, ""data!I2:L800""), 2, FALSE) = 0, ""Incomplete"", ""Complete"")))"),"") | E20: =IF(B20="Ineligible", 2, IF(AND(C20="Complete", D20="Complete"), 1, 0)) -> 0
B21: =IFERROR(__xludf.DUMMYFUNCTION("IF(ISERROR(VLOOKUP(A21, IMPORTRANGE('Survey Progress'!$B$32, ""data!H2:M800""), 5, FALSE)), """", IF(VLOOKUP(A21, IMPORTRANGE('Survey Progress'!$B$32, ""data!H2:M800""), 5, FALSE) = 1, ""Eligible"", ""Ineligible""))"),"Eligible") -> Eligible | C21: =IFERROR(__xludf.DUMMYFUNCTION("IF(A21="""", """", IF(ISERROR(VLOOKUP(A21, IMPORTRANGE('Survey Progress'!$B$33, ""data!I2:L800""), 1, FALSE)), ""No Survey"", IF(VLOOKUP(A21, IMPORTRANGE('Survey Progress'!$B$33, ""data!I2:L800""), 2, FALSE) = 0, ""Incomplete"", ""Complete"")))"),"") | D21: =IFERROR(__xludf.DUMMYFUNCTION("IF(A21="""", """", IF(ISERROR(VLOOKUP(A21, IMPORTRANGE('Survey Progress'!$B$34, ""data!I2:L800""), 1, FALSE)), ""No Survey"", IF(VLOOKUP(A21, IMPORTRANGE('Survey Progress'!$B$34, ""data!I2:L800""), 2, FALSE) = 0, ""Incomplete"", ""Complete"")))"),"") | E21: =IF(B21="Ineligible", 2, IF(AND(C21="Complete", D21="Complete"), 1, 0)) -> 0
B22: =IFERROR(__xludf.DUMMYFUNCTION("IF(ISERROR(VLOOKUP(A22, IMPORTRANGE('Survey Progress'!$B$32, ""data!H2:M800""), 5, FALSE)), """", IF(VLOOKUP(A22, IMPORTRANGE('Survey Progress'!$B$32, ""data!H2:M800""), 5, FALSE) = 1, ""Eligible"", ""Ineligible""))"),"Eligible") -> Eligible | C22: =IFERROR(__xludf.DUMMYFUNCTION("IF(A22="""", """", IF(ISERROR(VLOOKUP(A22, IMPORTRANGE('Survey Progress'!$B$33, ""data!I2:L800""), 1, FALSE)), ""No Survey"", IF(VLOOKUP(A22, IMPORTRANGE('Survey Progress'!$B$33, ""data!I2:L800""), 2, FALSE) = 0, ""Incomplete"", ""Complete"")))"),"") | D22: =IFERROR(__xludf.DUMMYFUNCTION("IF(A22="""", """", IF(ISERROR(VLOOKUP(A22, IMPORTRANGE('Survey Progress'!$B$34, ""data!I2:L800""), 1, FALSE)), ""No Survey"", IF(VLOOKUP(A22, IMPORTRANGE('Survey Progress'!$B$34, ""data!I2:L800""), 2, FALSE) = 0, ""Incomplete"", ""Complete"")))"),"") | E22: =IF(B22="Ineligible", 2, IF(AND(C22="Complete", D22="Complete"), 1, 0)) -> 0
B23: =IFERROR(__xludf.DUMMYFUNCTION("IF(ISERROR(VLOOKUP(A23, IMPORTRANGE('Survey Progress'!$B$32, ""data!H2:M800""), 5, FALSE)), """", IF(VLOOKUP(A23, IMPORTRANGE('Survey Progress'!$B$32, ""data!H2:M800""), 5, FALSE) = 1, ""Eligible"", ""Ineligible""))"),"Eligible") -> Eligible | C23: =IFERROR(__xludf.DUMMYFUNCTION("IF(A23="""", """", IF(ISERROR(VLOOKUP(A23, IMPORTRANGE('Survey Progress'!$B$33, ""data!I2:L800""), 1, FALSE)), ""No Survey"", IF(VLOOKUP(A23, IMPORTRANGE('Survey Progress'!$B$33, ""data!I2:L800""), 2, FALSE) = 0, ""Incomplete"", ""Complete"")))"),"") | D23: =IFERROR(__xludf.DUMMYFUNCTION("IF(A23="""", """", IF(ISERROR(VLOOKUP(A23, IMPORTRANGE('Survey Progress'!$B$34, ""data!I2:L800""), 1, FALSE)), ""No Survey"", IF(VLOOKUP(A23, IMPORTRANGE('Survey Progress'!$B$34, ""data!I2:L800""), 2, FALSE) = 0, ""Incomplete"", ""Complete"")))"),"") | E23: =IF(B23="Ineligible", 2, IF(AND(C23="Complete", D23="Complete"), 1, 0)) -> 0
B24: =IFERROR(__xludf.DUMMYFUNCTION("IF(ISERROR(VLOOKUP(A24, IMPORTRANGE('Survey Progress'!$B$32, ""data!H2:M800""), 5, FALSE)), """", IF(VLOOKUP(A24, IMPORTRANGE('Survey Progress'!$B$32, ""data!H2:M800""), 5, FALSE) = 1, ""Eligible"", ""Ineligible""))"),"Eligible") -> Eligible | C24: =IFERROR(__xludf.DUMMYFUNCTION("IF(A24="""", """", IF(ISERROR(VLOOKUP(A24, IMPORTRANGE('Survey Progress'!$B$33, ""data!I2:L800""), 1, FALSE)), ""No Survey"", IF(VLOOKUP(A24, IMPORTRANGE('Survey Progress'!$B$33, ""data!I2:L800""), 2, FALSE) = 0, ""Incomplete"", ""Complete"")))"),"") | D24: =IFERROR(__xludf.DUMMYFUNCTION("IF(A24="""", """", IF(ISERROR(VLOOKUP(A24, IMPORTRANGE('Survey Progress'!$B$34, ""data!I2:L800""), 1, FALSE)), ""No Survey"", IF(VLOOKUP(A24, IMPORTRANGE('Survey Progress'!$B$34, ""data!I2:L800""), 2, FALSE) = 0, ""Incomplete"", ""Complete"")))"),"") | E24: =IF(B24="Ineligible", 2, IF(AND(C24="Complete", D24="Complete"), 1, 0)) -> 0
B25: =IFERROR(__xludf.DUMMYFUNCTION("IF(ISERROR(VLOOKUP(A25, IMPORTRANGE('Survey Progress'!$B$32, ""data!H2:M800""), 5, FALSE)), """", IF(VLOOKUP(A25, IMPORTRANGE('Survey Progress'!$B$32, ""data!H2:M800""), 5, FALSE) = 1, ""Eligible"", ""Ineligible""))"),"Eligible") -> Eligible | C25: =IFERROR(__xludf.DUMMYFUNCTION("IF(A25="""", """", IF(ISERROR(VLOOKUP(A25, IMPORTRANGE('Survey Progress'!$B$33, ""data!I2:L800""), 1, FALSE)), ""No Survey"", IF(VLOOKUP(A25, IMPORTRANGE('Survey Progress'!$B$33, ""data!I2:L800""), 2, FALSE) = 0, ""Incomplete"", ""Complete"")))"),"") | D25: =IFERROR(__xludf.DUMMYFUNCTION("IF(A25="""", """", IF(ISERROR(VLOOKUP(A25, IMPORTRANGE('Survey Progress'!$B$34, ""data!I2:L800""), 1, FALSE)), ""No Survey"", IF(VLOOKUP(A25, IMPORTRANGE('Survey Progress'!$B$34, ""data!I2:L800""), 2, FALSE) = 0, ""Incomplete"", ""Complete"")))"),"") | E25: =IF(B25="Ineligible", 2, IF(AND(C25="Complete", D25="Complete"), 1, 0)) -> 0
B26: =IFERROR(__xludf.DUMMYFUNCTION("IF(ISERROR(VLOOKUP(A26, IMPORTRANGE('Survey Progress'!$B$32, ""data!H2:M800""), 5, FALSE)), """", IF(VLOOKUP(A26, IMPORTRANGE('Survey Progress'!$B$32, ""data!H2:M800""), 5, FALSE) = 1, ""Eligible"", ""Ineligible""))"),"Eligible") -> Eligible | C26: =IFERROR(__xludf.DUMMYFUNCTION("IF(A26="""", """", IF(ISERROR(VLOOKUP(A26, IMPORTRANGE('Survey Progress'!$B$33, ""data!I2:L800""), 1, FALSE)), ""No Survey"", IF(VLOOKUP(A26, IMPORTRANGE('Survey Progress'!$B$33, ""data!I2:L800""), 2, FALSE) = 0, ""Incomplete"", ""Complete"")))"),"") | D26: =IFERROR(__xludf.DUMMYFUNCTION("IF(A26="""", """", IF(ISERROR(VLOOKUP(A26, IMPORTRANGE('Survey Progress'!$B$34, ""data!I2:L800""), 1, FALSE)), ""No Survey"", IF(VLOOKUP(A26, IMPORTRANGE('Survey Progress'!$B$34, ""data!I2:L800""), 2, FALSE) = 0, ""Incomplete"", ""Complete"")))"),"") | E26: =IF(B26="Ineligible", 2, IF(AND(C26="Complete", D26="Complete"), 1, 0)) -> 0
B27: =IFERROR(__xludf.DUMMYFUNCTION("IF(ISERROR(VLOOKUP(A27, IMPORTRANGE('Survey Progress'!$B$32, ""data!H2:M800""), 5, FALSE)), """", IF(VLOOKUP(A27, IMPORTRANGE('Survey Progress'!$B$32, ""data!H2:M800""), 5, FALSE) = 1, ""Eligible"", ""Ineligible""))"),"Eligible") -> Eligible | C27: =IFERROR(__xludf.DUMMYFUNCTION("IF(A27="""", """", IF(ISERROR(VLOOKUP(A27, IMPORTRANGE('Survey Progress'!$B$33, ""data!I2:L800""), 1, FALSE)), ""No Survey"", IF(VLOOKUP(A27, IMPORTRANGE('Survey Progress'!$B$33, ""data!I2:L800""), 2, FALSE) = 0, ""Incomplete"", ""Complete"")))"),"") | D27: =IFERROR(__xludf.DUMMYFUNCTION("IF(A27="""", """", IF(ISERROR(VLOOKUP(A27, IMPORTRANGE('Survey Progress'!$B$34, ""data!I2:L800""), 1, FALSE)), ""No Survey"", IF(VLOOKUP(A27, IMPORTRANGE('Survey Progress'!$B$34, ""data!I2:L800""), 2, FALSE) = 0, ""Incomplete"", ""Complete"")))"),"") | E27: =IF(B27="Ineligible", 2, IF(AND(C27="Complete", D27="Complete"), 1, 0)) -> 0
B28: =IFERROR(__xludf.DUMMYFUNCTION("IF(ISERROR(VLOOKUP(A28, IMPORTRANGE('Survey Progress'!$B$32, ""data!H2:M800""), 5, FALSE)), """", IF(VLOOKUP(A28, IMPORTRANGE('Survey Progress'!$B$32, ""data!H2:M800""), 5, FALSE) = 1, ""Eligible"", ""Ineligible""))"),"Eligible") -> Eligible | C28: =IFERROR(__xludf.DUMMYFUNCTION("IF(A28="""", """", IF(ISERROR(VLOOKUP(A28, IMPORTRANGE('Survey Progress'!$B$33, ""data!I2:L800""), 1, FALSE)), ""No Survey"", IF(VLOOKUP(A28, IMPORTRANGE('Survey Progress'!$B$33, ""data!I2:L800""), 2, FALSE) = 0, ""Incomplete"", ""Complete"")))"),"") | D28: =IFERROR(__xludf.DUMMYFUNCTION("IF(A28="""", """", IF(ISERROR(VLOOKUP(A28, IMPORTRANGE('Survey Progress'!$B$34, ""data!I2:L800""), 1, FALSE)), ""No Survey"", IF(VLOOKUP(A28, IMPORTRANGE('Survey Progress'!$B$34, ""data!I2:L800""), 2, FALSE) = 0, ""Incomplete"", ""Complete"")))"),"") | E28: =IF(B28="Ineligible", 2, IF(AND(C28="Complete", D28="Complete"), 1, 0)) -> 0
B29: =IFERROR(__xludf.DUMMYFUNCTION("IF(ISERROR(VLOOKUP(A29, IMPORTRANGE('Survey Progress'!$B$32, ""data!H2:M800""), 5, FALSE)), """", IF(VLOOKUP(A29, IMPORTRANGE('Survey Progress'!$B$32, ""data!H2:M800""), 5, FALSE) = 1, ""Eligible"", ""Ineligible""))"),"Eligible") -> Eligible | C29: =IFERROR(__xludf.DUMMYFUNCTION("IF(A29="""", """", IF(ISERROR(VLOOKUP(A29, IMPORTRANGE('Survey Progress'!$B$33, ""data!I2:L800""), 1, FALSE)), ""No Survey"", IF(VLOOKUP(A29, IMPORTRANGE('Survey Progress'!$B$33, ""data!I2:L800""), 2, FALSE) = 0, ""Incomplete"", ""Complete"")))"),"") | D29: =IFERROR(__xludf.DUMMYFUNCTION("IF(A29="""", """", IF(ISERROR(VLOOKUP(A29, IMPORTRANGE('Survey Progress'!$B$34, ""data!I2:L800""), 1, FALSE)), ""No Survey"", IF(VLOOKUP(A29, IMPORTRANGE('Survey Progress'!$B$34, ""data!I2:L800""), 2, FALSE) = 0, ""Incomplete"", ""Complete"")))"),"") | E29: =IF(B29="Ineligible", 2, IF(AND(C29="Complete", D29="Complete"), 1, 0)) -> 0
B30: =IFERROR(__xludf.DUMMYFUNCTION("IF(ISERROR(VLOOKUP(A30, IMPORTRANGE('Survey Progress'!$B$32, ""data!H2:M800""), 5, FALSE)), """", IF(VLOOKUP(A30, IMPORTRANGE('Survey Progress'!$B$32, ""data!H2:M800""), 5, FALSE) = 1, ""Eligible"", ""Ineligible""))"),"Eligible") -> Eligible | C30: =IFERROR(__xludf.DUMMYFUNCTION("IF(A30="""", """", IF(ISERROR(VLOOKUP(A30, IMPORTRANGE('Survey Progress'!$B$33, ""data!I2:L800""), 1, FALSE)), ""No Survey"", IF(VLOOKUP(A30, IMPORTRANGE('Survey Progress'!$B$33, ""data!I2:L800""), 2, FALSE) = 0, ""Incomplete"", ""Complete"")))"),"") | D30: =IFERROR(__xludf.DUMMYFUNCTION("IF(A30="""", """", IF(ISERROR(VLOOKUP(A30, IMPORTRANGE('Survey Progress'!$B$34, ""data!I2:L800""), 1, FALSE)), ""No Survey"", IF(VLOOKUP(A30, IMPORTRANGE('Survey Progress'!$B$34, ""data!I2:L800""), 2, FALSE) = 0, ""Incomplete"", ""Complete"")))"),"") | E30: =IF(B30="Ineligible", 2, IF(AND(C30="Complete", D30="Complete"), 1, 0)) -> 0
B31: =IFERROR(__xludf.DUMMYFUNCTION("IF(ISERROR(VLOOKUP(A31, IMPORTRANGE('Survey Progress'!$B$32, ""data!H2:M800""), 5, FALSE)), """", IF(VLOOKUP(A31, IMPORTRANGE('Survey Progress'!$B$32, ""data!H2:M800""), 5, FALSE) = 1, ""Eligible"", ""Ineligible""))"),"Eligible") -> Eligible | C31: =IFERROR(__xludf.DUMMYFUNCTION("IF(A31="""", """", IF(ISERROR(VLOOKUP(A31, IMPORTRANGE('Survey Progress'!$B$33, ""data!I2:L800""), 1, FALSE)), ""No Survey"", IF(VLOOKUP(A31, IMPORTRANGE('Survey Progress'!$B$33, ""data!I2:L800""), 2, FALSE) = 0, ""Incomplete"", ""Complete"")))"),"") | D31: =IFERROR(__xludf.DUMMYFUNCTION("IF(A31="""", """", IF(ISERROR(VLOOKUP(A31, IMPORTRANGE('Survey Progress'!$B$34, ""data!I2:L800""), 1, FALSE)), ""No Survey"", IF(VLOOKUP(A31, IMPORTRANGE('Survey Progress'!$B$34, ""data!I2:L800""), 2, FALSE) = 0, ""Incomplete"", ""Complete"")))"),"") | E31: =IF(B31="Ineligible", 2, IF(AND(C31="Complete", D31="Complete"), 1, 0)) -> 0
B32: =IFERROR(__xludf.DUMMYFUNCTION("IF(ISERROR(VLOOKUP(A32, IMPORTRANGE('Survey Progress'!$B$32, ""data!H2:M800""), 5, FALSE)), """", IF(VLOOKUP(A32, IMPORTRANGE('Survey Progress'!$B$32, ""data!H2:M800""), 5, FALSE) = 1, ""Eligible"", ""Ineligible""))"),"Eligible") -> Eligible | C32: =IFERROR(__xludf.DUMMYFUNCTION("IF(A32="""", """", IF(ISERROR(VLOOKUP(A32, IMPORTRANGE('Survey Progress'!$B$33, ""data!I2:L800""), 1, FALSE)), ""No Survey"", IF(VLOOKUP(A32, IMPORTRANGE('Survey Progress'!$B$33, ""data!I2:L800""), 2, FALSE) = 0, ""Incomplete"", ""Complete"")))"),"") | D32: =IFERROR(__xludf.DUMMYFUNCTION("IF(A32="""", """", IF(ISERROR(VLOOKUP(A32, IMPORTRANGE('Survey Progress'!$B$34, ""data!I2:L800""), 1, FALSE)), ""No Survey"", IF(VLOOKUP(A32, IMPORTRANGE('Survey Progress'!$B$34, ""data!I2:L800""), 2, FALSE) = 0, ""Incomplete"", ""Complete"")))"),"") | E32: =IF(B32="Ineligible", 2, IF(AND(C32="Complete", D32="Complete"), 1, 0)) -> 0
B33: =IFERROR(__xludf.DUMMYFUNCTION("IF(ISERROR(VLOOKUP(A33, IMPORTRANGE('Survey Progress'!$B$32, ""data!H2:M800""), 5, FALSE)), """", IF(VLOOKUP(A33, IMPORTRANGE('Survey Progress'!$B$32, ""data!H2:M800""), 5, FALSE) = 1, ""Eligible"", ""Ineligible""))"),"Eligible") -> Eligible | C33: =IFERROR(__xludf.DUMMYFUNCTION("IF(A33="""", """", IF(ISERROR(VLOOKUP(A33, IMPORTRANGE('Survey Progress'!$B$33, ""data!I2:L800""), 1, FALSE)), ""No Survey"", IF(VLOOKUP(A33, IMPORTRANGE('Survey Progress'!$B$33, ""data!I2:L800""), 2, FALSE) = 0, ""Incomplete"", ""Complete"")))"),"") | D33: =IFERROR(__xludf.DUMMYFUNCTION("IF(A33="""", """", IF(ISERROR(VLOOKUP(A33, IMPORTRANGE('Survey Progress'!$B$34, ""data!I2:L800""), 1, FALSE)), ""No Survey"", IF(VLOOKUP(A33, IMPORTRANGE('Survey Progress'!$B$34, ""data!I2:L800""), 2, FALSE) = 0, ""Incomplete"", ""Complete"")))"),"") | E33: =IF(B33="Ineligible", 2, IF(AND(C33="Complete", D33="Complete"), 1, 0)) -> 0
B34: =IFERROR(__xludf.DUMMYFUNCTION("IF(ISERROR(VLOOKUP(A34, IMPORTRANGE('Survey Progress'!$B$32, ""data!H2:M800""), 5, FALSE)), """", IF(VLOOKUP(A34, IMPORTRANGE('Survey Progress'!$B$32, ""data!H2:M800""), 5, FALSE) = 1, ""Eligible"", ""Ineligible""))"),"Eligible") -> Eligible | C34: =IFERROR(__xludf.DUMMYFUNCTION("IF(A34="""", """", IF(ISERROR(VLOOKUP(A34, IMPORTRANGE('Survey Progress'!$B$33, ""data!I2:L800""), 1, FALSE)), ""No Survey"", IF(VLOOKUP(A34, IMPORTRANGE('Survey Progress'!$B$33, ""data!I2:L800""), 2, FALSE) = 0, ""Incomplete"", ""Complete"")))"),"") | D34: =IFERROR(__xludf.DUMMYFUNCTION("IF(A34="""", """", IF(ISERROR(VLOOKUP(A34, IMPORTRANGE('Survey Progress'!$B$34, ""data!I2:L800""), 1, FALSE)), ""No Survey"", IF(VLOOKUP(A34, IMPORTRANGE('Survey Progress'!$B$34, ""data!I2:L800""), 2, FALSE) = 0, ""Incomplete"", ""Complete"")))"),"") | E34: =IF(B34="Ineligible", 2, IF(AND(C34="Complete", D34="Complete"), 1, 0)) -> 0
B35: =IFERROR(__xludf.DUMMYFUNCTION("IF(ISERROR(VLOOKUP(A35, IMPORTRANGE('Survey Progress'!$B$32, ""data!H2:M800""), 5, FALSE)), """", IF(VLOOKUP(A35, IMPORTRANGE('Survey Progress'!$B$32, ""data!H2:M800""), 5, FALSE) = 1, ""Eligible"", ""Ineligible""))"),"Eligible") -> Eligible | C35: =IFERROR(__xludf.DUMMYFUNCTION("IF(A35="""", """", IF(ISERROR(VLOOKUP(A35, IMPORTRANGE('Survey Progress'!$B$33, ""data!I2:L800""), 1, FALSE)), ""No Survey"", IF(VLOOKUP(A35, IMPORTRANGE('Survey Progress'!$B$33, ""data!I2:L800""), 2, FALSE) = 0, ""Incomplete"", ""Complete"")))"),"") | D35: =IFERROR(__xludf.DUMMYFUNCTION("IF(A35="""", """", IF(ISERROR(VLOOKUP(A35, IMPORTRANGE('Survey Progress'!$B$34, ""data!I2:L800""), 1, FALSE)), ""No Survey"", IF(VLOOKUP(A35, IMPORTRANGE('Survey Progress'!$B$34, ""data!I2:L800""), 2, FALSE) = 0, ""Incomplete"", ""Complete"")))"),"") | E35: =IF(B35="Ineligible", 2, IF(AND(C35="Complete", D35="Complete"), 1, 0)) -> 0
B36: =IFERROR(__xludf.DUMMYFUNCTION("IF(ISERROR(VLOOKUP(A36, IMPORTRANGE('Survey Progress'!$B$32, ""data!H2:M800""), 5, FALSE)), """", IF(VLOOKUP(A36, IMPORTRANGE('Survey Progress'!$B$32, ""data!H2:M800""), 5, FALSE) = 1, ""Eligible"", ""Ineligible""))"),"Eligible") -> Eligible | C36: =IFERROR(__xludf.DUMMYFUNCTION("IF(A36="""", """", IF(ISERROR(VLOOKUP(A36, IMPORTRANGE('Survey Progress'!$B$33, ""data!I2:L800""), 1, FALSE)), ""No Survey"", IF(VLOOKUP(A36, IMPORTRANGE('Survey Progress'!$B$33, ""data!I2:L800""), 2, FALSE) = 0, ""Incomplete"", ""Complete"")))"),"") | D36: =IFERROR(__xludf.DUMMYFUNCTION("IF(A36="""", """", IF(ISERROR(VLOOKUP(A36, IMPORTRANGE('Survey Progress'!$B$34, ""data!I2:L800""), 1, FALSE)), ""No Survey"", IF(VLOOKUP(A36, IMPORTRANGE('Survey Progress'!$B$34, ""data!I2:L800""), 2, FALSE) = 0, ""Incomplete"", ""Complete"")))"),"") | E36: =IF(B36="Ineligible", 2, IF(AND(C36="Complete", D36="Complete"), 1, 0)) -> 0
B37: =IFERROR(__xludf.DUMMYFUNCTION("IF(ISERROR(VLOOKUP(A37, IMPORTRANGE('Survey Progress'!$B$32, ""data!H2:M800""), 5, FALSE)), """", IF(VLOOKUP(A37, IMPORTRANGE('Survey Progress'!$B$32, ""data!H2:M800""), 5, FALSE) = 1, ""Eligible"", ""Ineligible""))"),"Eligible") -> Eligible | C37: =IFERROR(__xludf.DUMMYFUNCTION("IF(A37="""", """", IF(ISERROR(VLOOKUP(A37, IMPORTRANGE('Survey Progress'!$B$33, ""data!I2:L800""), 1, FALSE)), ""No Survey"", IF(VLOOKUP(A37, IMPORTRANGE('Survey Progress'!$B$33, ""data!I2:L800""), 2, FALSE) = 0, ""Incomplete"", ""Complete"")))"),"") | D37: =IFERROR(__xludf.DUMMYFUNCTION("IF(A37="""", """", IF(ISERROR(VLOOKUP(A37, IMPORTRANGE('Survey Progress'!$B$34, ""data!I2:L800""), 1, FALSE)), ""No Survey"", IF(VLOOKUP(A37, IMPORTRANGE('Survey Progress'!$B$34, ""data!I2:L800""), 2, FALSE) = 0, ""Incomplete"", ""Complete"")))"),"") | E37: =IF(B37="Ineligible", 2, IF(AND(C37="Complete", D37="Complete"), 1, 0)) -> 0
B38: =IFERROR(__xludf.DUMMYFUNCTION("IF(ISERROR(VLOOKUP(A38, IMPORTRANGE('Survey Progress'!$B$32, ""data!H2:M800""), 5, FALSE)), """", IF(VLOOKUP(A38, IMPORTRANGE('Survey Progress'!$B$32, ""data!H2:M800""), 5, FALSE) = 1, ""Eligible"", ""Ineligible""))"),"Eligible") -> Eligible | C38: =IFERROR(__xludf.DUMMYFUNCTION("IF(A38="""", """", IF(ISERROR(VLOOKUP(A38, IMPORTRANGE('Survey Progress'!$B$33, ""data!I2:L800""), 1, FALSE)), ""No Survey"", IF(VLOOKUP(A38, IMPORTRANGE('Survey Progress'!$B$33, ""data!I2:L800""), 2, FALSE) = 0, ""Incomplete"", ""Complete"")))"),"") | D38: =IFERROR(__xludf.DUMMYFUNCTION("IF(A38="""", """", IF(ISERROR(VLOOKUP(A38, IMPORTRANGE('Survey Progress'!$B$34, ""data!I2:L800""), 1, FALSE)), ""No Survey"", IF(VLOOKUP(A38, IMPORTRANGE('Survey Progress'!$B$34, ""data!I2:L800""), 2, FALSE) = 0, ""Incomplete"", ""Complete"")))"),"") | E38: =IF(B38="Ineligible", 2, IF(AND(C38="Complete", D38="Complete"), 1, 0)) -> 0
B39: =IFERROR(__xludf.DUMMYFUNCTION("IF(ISERROR(VLOOKUP(A39, IMPORTRANGE('Survey Progress'!$B$32, ""data!H2:M800""), 5, FALSE)), """", IF(VLOOKUP(A39, IMPORTRANGE('Survey Progress'!$B$32, ""data!H2:M800""), 5, FALSE) = 1, ""Eligible"", ""Ineligible""))"),"Eligible") -> Eligible | C39: =IFERROR(__xludf.DUMMYFUNCTION("IF(A39="""", """", IF(ISERROR(VLOOKUP(A39, IMPORTRANGE('Survey Progress'!$B$33, ""data!I2:L800""), 1, FALSE)), ""No Survey"", IF(VLOOKUP(A39, IMPORTRANGE('Survey Progress'!$B$33, ""data!I2:L800""), 2, FALSE) = 0, ""Incomplete"", ""Complete"")))"),"") | D39: =IFERROR(__xludf.DUMMYFUNCTION("IF(A39="""", """", IF(ISERROR(VLOOKUP(A39, IMPORTRANGE('Survey Progress'!$B$34, ""data!I2:L800""), 1, FALSE)), ""No Survey"", IF(VLOOKUP(A39, IMPORTRANGE('Survey Progress'!$B$34, ""data!I2:L800""), 2, FALSE) = 0, ""Incomplete"", ""Complete"")))"),"") | E39: =IF(B39="Ineligible", 2, IF(AND(C39="Complete", D39="Complete"), 1, 0)) -> 0
B40: =IFERROR(__xludf.DUMMYFUNCTION("IF(ISERROR(VLOOKUP(A40, IMPORTRANGE('Survey Progress'!$B$32, ""data!H2:M800""), 5, FALSE)), """", IF(VLOOKUP(A40, IMPORTRANGE('Survey Progress'!$B$32, ""data!H2:M800""), 5, FALSE) = 1, ""Eligible"", ""Ineligible""))"),"Eligible") -> Eligible | C40: =IFERROR(__xludf.DUMMYFUNCTION("IF(A40="""", """", IF(ISERROR(VLOOKUP(A40, IMPORTRANGE('Survey Progress'!$B$33, ""data!I2:L800""), 1, FALSE)), ""No Survey"", IF(VLOOKUP(A40, IMPORTRANGE('Survey Progress'!$B$33, ""data!I2:L800""), 2, FALSE) = 0, ""Incomplete"", ""Complete"")))"),"") | D40: =IFERROR(__xludf.DUMMYFUNCTION("IF(A40="""", """", IF(ISERROR(VLOOKUP(A40, IMPORTRANGE('Survey Progress'!$B$34, ""data!I2:L800""), 1, FALSE)), ""No Survey"", IF(VLOOKUP(A40, IMPORTRANGE('Survey Progress'!$B$34, ""data!I2:L800""), 2, FALSE) = 0, ""Incomplete"", ""Complete"")))"),"") | E40: =IF(B40="Ineligible", 2, IF(AND(C40="Complete", D40="Complete"), 1, 0)) -> 0
B41: =IFERROR(__xludf.DUMMYFUNCTION("IF(ISERROR(VLOOKUP(A41, IMPORTRANGE('Survey Progress'!$B$32, ""data!H2:M800""), 5, FALSE)), """", IF(VLOOKUP(A41, IMPORTRANGE('Survey Progress'!$B$32, ""data!H2:M800""), 5, FALSE) = 1, ""Eligible"", ""Ineligible""))"),"Eligible") -> Eligible | C41: =IFERROR(__xludf.DUMMYFUNCTION("IF(A41="""", """", IF(ISERROR(VLOOKUP(A41, IMPORTRANGE('Survey Progress'!$B$33, ""data!I2:L800""), 1, FALSE)), ""No Survey"", IF(VLOOKUP(A41, IMPORTRANGE('Survey Progress'!$B$33, ""data!I2:L800""), 2, FALSE) = 0, ""Incomplete"", ""Complete"")))"),"") | D41: =IFERROR(__xludf.DUMMYFUNCTION("IF(A41="""", """", IF(ISERROR(VLOOKUP(A41, IMPORTRANGE('Survey Progress'!$B$34, ""data!I2:L800""), 1, FALSE)), ""No Survey"", IF(VLOOKUP(A41, IMPORTRANGE('Survey Progress'!$B$34, ""data!I2:L800""), 2, FALSE) = 0, ""Incomplete"", ""Complete"")))"),"") | E41: =IF(B41="Ineligible", 2, IF(AND(C41="Complete", D41="Complete"), 1, 0)) -> 0
B42: =IFERROR(__xludf.DUMMYFUNCTION("IF(ISERROR(VLOOKUP(A42, IMPORTRANGE('Survey Progress'!$B$32, ""data!H2:M800""), 5, FALSE)), """", IF(VLOOKUP(A42, IMPORTRANGE('Survey Progress'!$B$32, ""data!H2:M800""), 5, FALSE) = 1, ""Eligible"", ""Ineligible""))"),"Eligible") -> Eligible | C42: =IFERROR(__xludf.DUMMYFUNCTION("IF(A42="""", """", IF(ISERROR(VLOOKUP(A42, IMPORTRANGE('Survey Progress'!$B$33, ""data!I2:L800""), 1, FALSE)), ""No Survey"", IF(VLOOKUP(A42, IMPORTRANGE('Survey Progress'!$B$33, ""data!I2:L800""), 2, FALSE) = 0, ""Incomplete"", ""Complete"")))"),"") | D42: =IFERROR(__xludf.DUMMYFUNCTION("IF(A42="""", """", IF(ISERROR(VLOOKUP(A42, IMPORTRANGE('Survey Progress'!$B$34, ""data!I2:L800""), 1, FALSE)), ""No Survey"", IF(VLOOKUP(A42, IMPORTRANGE('Survey Progress'!$B$34, ""data!I2:L800""), 2, FALSE) = 0, ""Incomplete"", ""Complete"")))"),"") | E42: =IF(B42="Ineligible", 2, IF(AND(C42="Complete", D42="Complete"), 1, 0)) -> 0
B43: =IFERROR(__xludf.DUMMYFUNCTION("IF(ISERROR(VLOOKUP(A43, IMPORTRANGE('Survey Progress'!$B$32, ""data!H2:M800""), 5, FALSE)), """", IF(VLOOKUP(A43, IMPORTRANGE('Survey Progress'!$B$32, ""data!H2:M800""), 5, FALSE) = 1, ""Eligible"", ""Ineligible""))"),"Eligible") -> Eligible | C43: =IFERROR(__xludf.DUMMYFUNCTION("IF(A43="""", """", IF(ISERROR(VLOOKUP(A43, IMPORTRANGE('Survey Progress'!$B$33, ""data!I2:L800""), 1, FALSE)), ""No Survey"", IF(VLOOKUP(A43, IMPORTRANGE('Survey Progress'!$B$33, ""data!I2:L800""), 2, FALSE) = 0, ""Incomplete"", ""Complete"")))"),"") | D43: =IFERROR(__xludf.DUMMYFUNCTION("IF(A43="""", """", IF(ISERROR(VLOOKUP(A43, IMPORTRANGE('Survey Progress'!$B$34, ""data!I2:L800""), 1, FALSE)), ""No Survey"", IF(VLOOKUP(A43, IMPORTRANGE('Survey Progress'!$B$34, ""data!I2:L800""), 2, FALSE) = 0, ""Incomplete"", ""Complete"")))"),"") | E43: =IF(B43="Ineligible", 2, IF(AND(C43="Complete", D43="Complete"), 1, 0)) -> 0
B44: =IFERROR(__xludf.DUMMYFUNCTION("IF(ISERROR(VLOOKUP(A44, IMPORTRANGE('Survey Progress'!$B$32, ""data!H2:M800""), 5, FALSE)), """", IF(VLOOKUP(A44, IMPORTRANGE('Survey Progress'!$B$32, ""data!H2:M800""), 5, FALSE) = 1, ""Eligible"", ""Ineligible""))"),"Eligible") -> Eligible | C44: =IFERROR(__xludf.DUMMYFUNCTION("IF(A44="""", """", IF(ISERROR(VLOOKUP(A44, IMPORTRANGE('Survey Progress'!$B$33, ""data!I2:L800""), 1, FALSE)), ""No Survey"", IF(VLOOKUP(A44, IMPORTRANGE('Survey Progress'!$B$33, ""data!I2:L800""), 2, FALSE) = 0, ""Incomplete"", ""Complete"")))"),"") | D44: =IFERROR(__xludf.DUMMYFUNCTION("IF(A44="""", """", IF(ISERROR(VLOOKUP(A44, IMPORTRANGE('Survey Progress'!$B$34, ""data!I2:L800""), 1, FALSE)), ""No Survey"", IF(VLOOKUP(A44, IMPORTRANGE('Survey Progress'!$B$34, ""data!I2:L800""), 2, FALSE) = 0, ""Incomplete"", ""Complete"")))"),"") | E44: =IF(B44="Ineligible", 2, IF(AND(C44="Complete", D44="Complete"), 1, 0)) -> 0
B45: =IFERROR(__xludf.DUMMYFUNCTION("IF(ISERROR(VLOOKUP(A45, IMPORTRANGE('Survey Progress'!$B$32, ""data!H2:M800""), 5, FALSE)), """", IF(VLOOKUP(A45, IMPORTRANGE('Survey Progress'!$B$32, ""data!H2:M800""), 5, FALSE) = 1, ""Eligible"", ""Ineligible""))"),"Eligible") -> Eligible | C45: =IFERROR(__xludf.DUMMYFUNCTION("IF(A45="""", """", IF(ISERROR(VLOOKUP(A45, IMPORTRANGE('Survey Progress'!$B$33, ""data!I2:L800""), 1, FALSE)), ""No Survey"", IF(VLOOKUP(A45, IMPORTRANGE('Survey Progress'!$B$33, ""data!I2:L800""), 2, FALSE) = 0, ""Incomplete"", ""Complete"")))"),"") | D45: =IFERROR(__xludf.DUMMYFUNCTION("IF(A45="""", """", IF(ISERROR(VLOOKUP(A45, IMPORTRANGE('Survey Progress'!$B$34, ""data!I2:L800""), 1, FALSE)), ""No Survey"", IF(VLOOKUP(A45, IMPORTRANGE('Survey Progress'!$B$34, ""data!I2:L800""), 2, FALSE) = 0, ""Incomplete"", ""Complete"")))"),"") | E45: =IF(B45="Ineligible", 2, IF(AND(C45="Complete", D45="Complete"), 1, 0)) -> 0
B46: =IFERROR(__xludf.DUMMYFUNCTION("IF(ISERROR(VLOOKUP(A46, IMPORTRANGE('Survey Progress'!$B$32, ""data!H2:M800""), 5, FALSE)), """", IF(VLOOKUP(A46, IMPORTRANGE('Survey Progress'!$B$32, ""data!H2:M800""), 5, FALSE) = 1, ""Eligible"", ""Ineligible""))"),"Eligible") -> Eligible | C46: =IFERROR(__xludf.DUMMYFUNCTION("IF(A46="""", """", IF(ISERROR(VLOOKUP(A46, IMPORTRANGE('Survey Progress'!$B$33, ""data!I2:L800""), 1, FALSE)), ""No Survey"", IF(VLOOKUP(A46, IMPORTRANGE('Survey Progress'!$B$33, ""data!I2:L800""), 2, FALSE) = 0, ""Incomplete"", ""Complete"")))"),"") | D46: =IFERROR(__xludf.DUMMYFUNCTION("IF(A46="""", """", IF(ISERROR(VLOOKUP(A46, IMPORTRANGE('Survey Progress'!$B$34, ""data!I2:L800""), 1, FALSE)), ""No Survey"", IF(VLOOKUP(A46, IMPORTRANGE('Survey Progress'!$B$34, ""data!I2:L800""), 2, FALSE) = 0, ""Incomplete"", ""Complete"")))"),"") | E46: =IF(B46="Ineligible", 2, IF(AND(C46="Complete", D46="Complete"), 1, 0)) -> 0
B47: =IFERROR(__xludf.DUMMYFUNCTION("IF(ISERROR(VLOOKUP(A47, IMPORTRANGE('Survey Progress'!$B$32, ""data!H2:M800""), 5, FALSE)), """", IF(VLOOKUP(A47, IMPORTRANGE('Survey Progress'!$B$32, ""data!H2:M800""), 5, FALSE) = 1, ""Eligible"", ""Ineligible""))"),"Eligible") -> Eligible | C47: =IFERROR(__xludf.DUMMYFUNCTION("IF(A47="""", """", IF(ISERROR(VLOOKUP(A47, IMPORTRANGE('Survey Progress'!$B$33, ""data!I2:L800""), 1, FALSE)), ""No Survey"", IF(VLOOKUP(A47, IMPORTRANGE('Survey Progress'!$B$33, ""data!I2:L800""), 2, FALSE) = 0, ""Incomplete"", ""Complete"")))"),"") | D47: =IFERROR(__xludf.DUMMYFUNCTION("IF(A47="""", """", IF(ISERROR(VLOOKUP(A47, IMPORTRANGE('Survey Progress'!$B$34, ""data!I2:L800""), 1, FALSE)), ""No Survey"", IF(VLOOKUP(A47, IMPORTRANGE('Survey Progress'!$B$34, ""data!I2:L800""), 2, FALSE) = 0, ""Incomplete"", ""Complete"")))"),"") | E47: =IF(B47="Ineligible", 2, IF(AND(C47="Complete", D47="Complete"), 1, 0)) -> 0
B48: =IFERROR(__xludf.DUMMYFUNCTION("IF(ISERROR(VLOOKUP(A48, IMPORTRANGE('Survey Progress'!$B$32, ""data!H2:M800""), 5, FALSE)), """", IF(VLOOKUP(A48, IMPORTRANGE('Survey Progress'!$B$32, ""data!H2:M800""), 5, FALSE) = 1, ""Eligible"", ""Ineligible""))"),"Eligible") -> Eligible | C48: =IFERROR(__xludf.DUMMYFUNCTION("IF(A48="""", """", IF(ISERROR(VLOOKUP(A48, IMPORTRANGE('Survey Progress'!$B$33, ""data!I2:L800""), 1, FALSE)), ""No Survey"", IF(VLOOKUP(A48, IMPORTRANGE('Survey Progress'!$B$33, ""data!I2:L800""), 2, FALSE) = 0, ""Incomplete"", ""Complete"")))"),"") | D48: =IFERROR(__xludf.DUMMYFUNCTION("IF(A48="""", """", IF(ISERROR(VLOOKUP(A48, IMPORTRANGE('Survey Progress'!$B$34, ""data!I2:L800""), 1, FALSE)), ""No Survey"", IF(VLOOKUP(A48, IMPORTRANGE('Survey Progress'!$B$34, ""data!I2:L800""), 2, FALSE) = 0, ""Incomplete"", ""Complete"")))"),"") | E48: =IF(B48="Ineligible", 2, IF(AND(C48="Complete", D48="Complete"), 1, 0)) -> 0
B49: =IFERROR(__xludf.DUMMYFUNCTION("IF(ISERROR(VLOOKUP(A49, IMPORTRANGE('Survey Progress'!$B$32, ""data!H2:M800""), 5, FALSE)), """", IF(VLOOKUP(A49, IMPORTRANGE('Survey Progress'!$B$32, ""data!H2:M800""), 5, FALSE) = 1, ""Eligible"", ""Ineligible""))"),"Eligible") -> Eligible | C49: =IFERROR(__xludf.DUMMYFUNCTION("IF(A49="""", """", IF(ISERROR(VLOOKUP(A49, IMPORTRANGE('Survey Progress'!$B$33, ""data!I2:L800""), 1, FALSE)), ""No Survey"", IF(VLOOKUP(A49, IMPORTRANGE('Survey Progress'!$B$33, ""data!I2:L800""), 2, FALSE) = 0, ""Incomplete"", ""Complete"")))"),"") | D49: =IFERROR(__xludf.DUMMYFUNCTION("IF(A49="""", """", IF(ISERROR(VLOOKUP(A49, IMPORTRANGE('Survey Progress'!$B$34, ""data!I2:L800""), 1, FALSE)), ""No Survey"", IF(VLOOKUP(A49, IMPORTRANGE('Survey Progress'!$B$34, ""data!I2:L800""), 2, FALSE) = 0, ""Incomplete"", ""Complete"")))"),"") | E49: =IF(B49="Ineligible", 2, IF(AND(C49="Complete", D49="Complete"), 1, 0)) -> 0
B50: =IFERROR(__xludf.DUMMYFUNCTION("IF(ISERROR(VLOOKUP(A50, IMPORTRANGE('Survey Progress'!$B$32, ""data!H2:M800""), 5, FALSE)), """", IF(VLOOKUP(A50, IMPORTRANGE('Survey Progress'!$B$32, ""data!H2:M800""), 5, FALSE) = 1, ""Eligible"", ""Ineligible""))"),"Eligible") -> Eligible | C50: =IFERROR(__xludf.DUMMYFUNCTION("IF(A50="""", """", IF(ISERROR(VLOOKUP(A50, IMPORTRANGE('Survey Progress'!$B$33, ""data!I2:L800""), 1, FALSE)), ""No Survey"", IF(VLOOKUP(A50, IMPORTRANGE('Survey Progress'!$B$33, ""data!I2:L800""), 2, FALSE) = 0, ""Incomplete"", ""Complete"")))"),"") | D50: =IFERROR(__xludf.DUMMYFUNCTION("IF(A50="""", """", IF(ISERROR(VLOOKUP(A50, IMPORTRANGE('Survey Progress'!$B$34, ""data!I2:L800""), 1, FALSE)), ""No Survey"", IF(VLOOKUP(A50, IMPORTRANGE('Survey Progress'!$B$34, ""data!I2:L800""), 2, FALSE) = 0, ""Incomplete"", ""Complete"")))"),"") | E50: =IF(B50="Ineligible", 2, IF(AND(C50="Complete", D50="Complete"), 1, 0)) -> 0
B51: =IFERROR(__xludf.DUMMYFUNCTION("IF(ISERROR(VLOOKUP(A51, IMPORTRANGE('Survey Progress'!$B$32, ""data!H2:M800""), 5, FALSE)), """", IF(VLOOKUP(A51, IMPORTRANGE('Survey Progress'!$B$32, ""data!H2:M800""), 5, FALSE) = 1, ""Eligible"", ""Ineligible""))"),"Eligible") -> Eligible | C51: =IFERROR(__xludf.DUMMYFUNCTION("IF(A51="""", """", IF(ISERROR(VLOOKUP(A51, IMPORTRANGE('Survey Progress'!$B$33, ""data!I2:L800""), 1, FALSE)), ""No Survey"", IF(VLOOKUP(A51, IMPORTRANGE('Survey Progress'!$B$33, ""data!I2:L800""), 2, FALSE) = 0, ""Incomplete"", ""Complete"")))"),"") | D51: =IFERROR(__xludf.DUMMYFUNCTION("IF(A51="""", """", IF(ISERROR(VLOOKUP(A51, IMPORTRANGE('Survey Progress'!$B$34, ""data!I2:L800""), 1, FALSE)), ""No Survey"", IF(VLOOKUP(A51, IMPORTRANGE('Survey Progress'!$B$34, ""data!I2:L800""), 2, FALSE) = 0, ""Incomplete"", ""Complete"")))"),"") | E51: =IF(B51="Ineligible", 2, IF(AND(C51="Complete", D51="Complete"), 1, 0)) -> 0
B52: =IFERROR(__xludf.DUMMYFUNCTION("IF(ISERROR(VLOOKUP(A52, IMPORTRANGE('Survey Progress'!$B$32, ""data!H2:M800""), 5, FALSE)), """", IF(VLOOKUP(A52, IMPORTRANGE('Survey Progress'!$B$32, ""data!H2:M800""), 5, FALSE) = 1, ""Eligible"", ""Ineligible""))"),"Eligible") -> Eligible | C52: =IFERROR(__xludf.DUMMYFUNCTION("IF(A52="""", """", IF(ISERROR(VLOOKUP(A52, IMPORTRANGE('Survey Progress'!$B$33, ""data!I2:L800""), 1, FALSE)), ""No Survey"", IF(VLOOKUP(A52, IMPORTRANGE('Survey Progress'!$B$33, ""data!I2:L800""), 2, FALSE) = 0, ""Incomplete"", ""Complete"")))"),"") | D52: =IFERROR(__xludf.DUMMYFUNCTION("IF(A52="""", """", IF(ISERROR(VLOOKUP(A52, IMPORTRANGE('Survey Progress'!$B$34, ""data!I2:L800""), 1, FALSE)), ""No Survey"", IF(VLOOKUP(A52, IMPORTRANGE('Survey Progress'!$B$34, ""data!I2:L800""), 2, FALSE) = 0, ""Incomplete"", ""Complete"")))"),"") | E52: =IF(B52="Ineligible", 2, IF(AND(C52="Complete", D52="Complete"), 1, 0)) -> 0
B53: =IFERROR(__xludf.DUMMYFUNCTION("IF(ISERROR(VLOOKUP(A53, IMPORTRANGE('Survey Progress'!$B$32, ""data!H2:M800""), 5, FALSE)), """", IF(VLOOKUP(A53, IMPORTRANGE('Survey Progress'!$B$32, ""data!H2:M800""), 5, FALSE) = 1, ""Eligible"", ""Ineligible""))"),"Eligible") -> Eligible | C53: =IFERROR(__xludf.DUMMYFUNCTION("IF(A53="""", """", IF(ISERROR(VLOOKUP(A53, IMPORTRANGE('Survey Progress'!$B$33, ""data!I2:L800""), 1, FALSE)), ""No Survey"", IF(VLOOKUP(A53, IMPORTRANGE('Survey Progress'!$B$33, ""data!I2:L800""), 2, FALSE) = 0, ""Incomplete"", ""Complete"")))"),"") | D53: =IFERROR(__xludf.DUMMYFUNCTION("IF(A53="""", """", IF(ISERROR(VLOOKUP(A53, IMPORTRANGE('Survey Progress'!$B$34, ""data!I2:L800""), 1, FALSE)), ""No Survey"", IF(VLOOKUP(A53, IMPORTRANGE('Survey Progress'!$B$34, ""data!I2:L800""), 2, FALSE) = 0, ""Incomplete"", ""Complete"")))"),"") | E53: =IF(B53="Ineligible", 2, IF(AND(C53="Complete", D53="Complete"), 1, 0)) -> 0
B54: =IFERROR(__xludf.DUMMYFUNCTION("IF(ISERROR(VLOOKUP(A54, IMPORTRANGE('Survey Progress'!$B$32, ""data!H2:M800""), 5, FALSE)), """", IF(VLOOKUP(A54, IMPORTRANGE('Survey Progress'!$B$32, ""data!H2:M800""), 5, FALSE) = 1, ""Eligible"", ""Ineligible""))"),"Eligible") -> Eligible | C54: =IFERROR(__xludf.DUMMYFUNCTION("IF(A54="""", """", IF(ISERROR(VLOOKUP(A54, IMPORTRANGE('Survey Progress'!$B$33, ""data!I2:L800""), 1, FALSE)), ""No Survey"", IF(VLOOKUP(A54, IMPORTRANGE('Survey Progress'!$B$33, ""data!I2:L800""), 2, FALSE) = 0, ""Incomplete"", ""Complete"")))"),"") | D54: =IFERROR(__xludf.DUMMYFUNCTION("IF(A54="""", """", IF(ISERROR(VLOOKUP(A54, IMPORTRANGE('Survey Progress'!$B$34, ""data!I2:L800""), 1, FALSE)), ""No Survey"", IF(VLOOKUP(A54, IMPORTRANGE('Survey Progress'!$B$34, ""data!I2:L800""), 2, FALSE) = 0, ""Incomplete"", ""Complete"")))"),"") | E54: =IF(B54="Ineligible", 2, IF(AND(C54="Complete", D54="Complete"), 1, 0)) -> 0
B55: =IFERROR(__xludf.DUMMYFUNCTION("IF(ISERROR(VLOOKUP(A55, IMPORTRANGE('Survey Progress'!$B$32, ""data!H2:M800""), 5, FALSE)), """", IF(VLOOKUP(A55, IMPORTRANGE('Survey Progress'!$B$32, ""data!H2:M800""), 5, FALSE) = 1, ""Eligible"", ""Ineligible""))"),"Eligible") -> Eligible | C55: =IFERROR(__xludf.DUMMYFUNCTION("IF(A55="""", """", IF(ISERROR(VLOOKUP(A55, IMPORTRANGE('Survey Progress'!$B$33, ""data!I2:L800""), 1, FALSE)), ""No Survey"", IF(VLOOKUP(A55, IMPORTRANGE('Survey Progress'!$B$33, ""data!I2:L800""), 2, FALSE) = 0, ""Incomplete"", ""Complete"")))"),"") | D55: =IFERROR(__xludf.DUMMYFUNCTION("IF(A55="""", """", IF(ISERROR(VLOOKUP(A55, IMPORTRANGE('Survey Progress'!$B$34, ""data!I2:L800""), 1, FALSE)), ""No Survey"", IF(VLOOKUP(A55, IMPORTRANGE('Survey Progress'!$B$34, ""data!I2:L800""), 2, FALSE) = 0, ""Incomplete"", ""Complete"")))"),"") | E55: =IF(B55="Ineligible", 2, IF(AND(C55="Complete", D55="Complete"), 1, 0)) -> 0
B56: =IFERROR(__xludf.DUMMYFUNCTION("IF(ISERROR(VLOOKUP(A56, IMPORTRANGE('Survey Progress'!$B$32, ""data!H2:M800""), 5, FALSE)), """", IF(VLOOKUP(A56, IMPORTRANGE('Survey Progress'!$B$32, ""data!H2:M800""), 5, FALSE) = 1, ""Eligible"", ""Ineligible""))"),"Eligible") -> Eligible | C56: =IFERROR(__xludf.DUMMYFUNCTION("IF(A56="""", """", IF(ISERROR(VLOOKUP(A56, IMPORTRANGE('Survey Progress'!$B$33, ""data!I2:L800""), 1, FALSE)), ""No Survey"", IF(VLOOKUP(A56, IMPORTRANGE('Survey Progress'!$B$33, ""data!I2:L800""), 2, FALSE) = 0, ""Incomplete"", ""Complete"")))"),"") | D56: =IFERROR(__xludf.DUMMYFUNCTION("IF(A56="""", """", IF(ISERROR(VLOOKUP(A56, IMPORTRANGE('Survey Progress'!$B$34, ""data!I2:L800""), 1, FALSE)), ""No Survey"", IF(VLOOKUP(A56, IMPORTRANGE('Survey Progress'!$B$34, ""data!I2:L800""), 2, FALSE) = 0, ""Incomplete"", ""Complete"")))"),"") | E56: =IF(B56="Ineligible", 2, IF(AND(C56="Complete", D56="Complete"), 1, 0)) -> 0
B57: =IFERROR(__xludf.DUMMYFUNCTION("IF(ISERROR(VLOOKUP(A57, IMPORTRANGE('Survey Progress'!$B$32, ""data!H2:M800""), 5, FALSE)), """", IF(VLOOKUP(A57, IMPORTRANGE('Survey Progress'!$B$32, ""data!H2:M800""), 5, FALSE) = 1, ""Eligible"", ""Ineligible""))"),"Eligible") -> Eligible | C57: =IFERROR(__xludf.DUMMYFUNCTION("IF(A57="""", """", IF(ISERROR(VLOOKUP(A57, IMPORTRANGE('Survey Progress'!$B$33, ""data!I2:L800""), 1, FALSE)), ""No Survey"", IF(VLOOKUP(A57, IMPORTRANGE('Survey Progress'!$B$33, ""data!I2:L800""), 2, FALSE) = 0, ""Incomplete"", ""Complete"")))"),"") | D57: =IFERROR(__xludf.DUMMYFUNCTION("IF(A57="""", """", IF(ISERROR(VLOOKUP(A57, IMPORTRANGE('Survey Progress'!$B$34, ""data!I2:L800""), 1, FALSE)), ""No Survey"", IF(VLOOKUP(A57, IMPORTRANGE('Survey Progress'!$B$34, ""data!I2:L800""), 2, FALSE) = 0, ""Incomplete"", ""Complete"")))"),"") | E57: =IF(B57="Ineligible", 2, IF(AND(C57="Complete", D57="Complete"), 1, 0)) -> 0
B58: =IFERROR(__xludf.DUMMYFUNCTION("IF(ISERROR(VLOOKUP(A58, IMPORTRANGE('Survey Progress'!$B$32, ""data!H2:M800""), 5, FALSE)), """", IF(VLOOKUP(A58, IMPORTRANGE('Survey Progress'!$B$32, ""data!H2:M800""), 5, FALSE) = 1, ""Eligible"", ""Ineligible""))"),"Eligible") -> Eligible | C58: =IFERROR(__xludf.DUMMYFUNCTION("IF(A58="""", """", IF(ISERROR(VLOOKUP(A58, IMPORTRANGE('Survey Progress'!$B$33, ""data!I2:L800""), 1, FALSE)), ""No Survey"", IF(VLOOKUP(A58, IMPORTRANGE('Survey Progress'!$B$33, ""data!I2:L800""), 2, FALSE) = 0, ""Incomplete"", ""Complete"")))"),"") | D58: =IFERROR(__xludf.DUMMYFUNCTION("IF(A58="""", """", IF(ISERROR(VLOOKUP(A58, IMPORTRANGE('Survey Progress'!$B$34, ""data!I2:L800""), 1, FALSE)), ""No Survey"", IF(VLOOKUP(A58, IMPORTRANGE('Survey Progress'!$B$34, ""data!I2:L800""), 2, FALSE) = 0, ""Incomplete"", ""Complete"")))"),"") | E58: =IF(B58="Ineligible", 2, IF(AND(C58="Complete", D58="Complete"), 1, 0)) -> 0
B59: =IFERROR(__xludf.DUMMYFUNCTION("IF(ISERROR(VLOOKUP(A59, IMPORTRANGE('Survey Progress'!$B$32, ""data!H2:M800""), 5, FALSE)), """", IF(VLOOKUP(A59, IMPORTRANGE('Survey Progress'!$B$32, ""data!H2:M800""), 5, FALSE) = 1, ""Eligible"", ""Ineligible""))"),"Eligible") -> Eligible | C59: =IFERROR(__xludf.DUMMYFUNCTION("IF(A59="""", """", IF(ISERROR(VLOOKUP(A59, IMPORTRANGE('Survey Progress'!$B$33, ""data!I2:L800""), 1, FALSE)), ""No Survey"", IF(VLOOKUP(A59, IMPORTRANGE('Survey Progress'!$B$33, ""data!I2:L800""), 2, FALSE) = 0, ""Incomplete"", ""Complete"")))"),"") | D59: =IFERROR(__xludf.DUMMYFUNCTION("IF(A59="""", """", IF(ISERROR(VLOOKUP(A59, IMPORTRANGE('Survey Progress'!$B$34, ""data!I2:L800""), 1, FALSE)), ""No Survey"", IF(VLOOKUP(A59, IMPORTRANGE('Survey Progress'!$B$34, ""data!I2:L800""), 2, FALSE) = 0, ""Incomplete"", ""Complete"")))"),"") | E59: =IF(B59="Ineligible", 2, IF(AND(C59="Complete", D59="Complete"), 1, 0)) -> 0
B60: =IFERROR(__xludf.DUMMYFUNCTION("IF(ISERROR(VLOOKUP(A60, IMPORTRANGE('Survey Progress'!$B$32, ""data!H2:M800""), 5, FALSE)), """", IF(VLOOKUP(A60, IMPORTRANGE('Survey Progress'!$B$32, ""data!H2:M800""), 5, FALSE) = 1, ""Eligible"", ""Ineligible""))"),"Eligible") -> Eligible | C60: =IFERROR(__xludf.DUMMYFUNCTION("IF(A60="""", """", IF(ISERROR(VLOOKUP(A60, IMPORTRANGE('Survey Progress'!$B$33, ""data!I2:L800""), 1, FALSE)), ""No Survey"", IF(VLOOKUP(A60, IMPORTRANGE('Survey Progress'!$B$33, ""data!I2:L800""), 2, FALSE) = 0, ""Incomplete"", ""Complete"")))"),"") | D60: =IFERROR(__xludf.DUMMYFUNCTION("IF(A60="""", """", IF(ISERROR(VLOOKUP(A60, IMPORTRANGE('Survey Progress'!$B$34, ""data!I2:L800""), 1, FALSE)), ""No Survey"", IF(VLOOKUP(A60, IMPORTRANGE('Survey Progress'!$B$34, ""data!I2:L800""), 2, FALSE) = 0, ""Incomplete"", ""Complete"")))"),"") | E60: =IF(B60="Ineligible", 2, IF(AND(C60="Complete", D60="Complete"), 1, 0)) -> 0
B61: =IFERROR(__xludf.DUMMYFUNCTION("IF(ISERROR(VLOOKUP(A61, IMPORTRANGE('Survey Progress'!$B$32, ""data!H2:M800""), 5, FALSE)), """", IF(VLOOKUP(A61, IMPORTRANGE('Survey Progress'!$B$32, ""data!H2:M800""), 5, FALSE) = 1, ""Eligible"", ""Ineligible""))"),"Eligible") -> Eligible | C61: =IFERROR(__xludf.DUMMYFUNCTION("IF(A61="""", """", IF(ISERROR(VLOOKUP(A61, IMPORTRANGE('Survey Progress'!$B$33, ""data!I2:L800""), 1, FALSE)), ""No Survey"", IF(VLOOKUP(A61, IMPORTRANGE('Survey Progress'!$B$33, ""data!I2:L800""), 2, FALSE) = 0, ""Incomplete"", ""Complete"")))"),"") | D61: =IFERROR(__xludf.DUMMYFUNCTION("IF(A61="""", """", IF(ISERROR(VLOOKUP(A61, IMPORTRANGE('Survey Progress'!$B$34, ""data!I2:L800""), 1, FALSE)), ""No Survey"", IF(VLOOKUP(A61, IMPORTRANGE('Survey Progress'!$B$34, ""data!I2:L800""), 2, FALSE) = 0, ""Incomplete"", ""Complete"")))"),"") | E61: =IF(B61="Ineligible", 2, IF(AND(C61="Complete", D61="Complete"), 1, 0)) -> 0
B62: =IFERROR(__xludf.DUMMYFUNCTION("IF(ISERROR(VLOOKUP(A62, IMPORTRANGE('Survey Progress'!$B$32, ""data!H2:M800""), 5, FALSE)), """", IF(VLOOKUP(A62, IMPORTRANGE('Survey Progress'!$B$32, ""data!H2:M800""), 5, FALSE) = 1, ""Eligible"", ""Ineligible""))"),"Eligible") -> Eligible | C62: =IFERROR(__xludf.DUMMYFUNCTION("IF(A62="""", """", IF(ISERROR(VLOOKUP(A62, IMPORTRANGE('Survey Progress'!$B$33, ""data!I2:L800""), 1, FALSE)), ""No Survey"", IF(VLOOKUP(A62, IMPORTRANGE('Survey Progress'!$B$33, ""data!I2:L800""), 2, FALSE) = 0, ""Incomplete"", ""Complete"")))"),"") | D62: =IFERROR(__xludf.DUMMYFUNCTION("IF(A62="""", """", IF(ISERROR(VLOOKUP(A62, IMPORTRANGE('Survey Progress'!$B$34, ""data!I2:L800""), 1, FALSE)), ""No Survey"", IF(VLOOKUP(A62, IMPORTRANGE('Survey Progress'!$B$34, ""data!I2:L800""), 2, FALSE) = 0, ""Incomplete"", ""Complete"")))"),"") | E62: =IF(B62="Ineligible", 2, IF(AND(C62="Complete", D62="Complete"), 1, 0)) -> 0
B63: =IFERROR(__xludf.DUMMYFUNCTION("IF(ISERROR(VLOOKUP(A63, IMPORTRANGE('Survey Progress'!$B$32, ""data!H2:M800""), 5, FALSE)), """", IF(VLOOKUP(A63, IMPORTRANGE('Survey Progress'!$B$32, ""data!H2:M800""), 5, FALSE) = 1, ""Eligible"", ""Ineligible""))"),"Eligible") -> Eligible | C63: =IFERROR(__xludf.DUMMYFUNCTION("IF(A63="""", """", IF(ISERROR(VLOOKUP(A63, IMPORTRANGE('Survey Progress'!$B$33, ""data!I2:L800""), 1, FALSE)), ""No Survey"", IF(VLOOKUP(A63, IMPORTRANGE('Survey Progress'!$B$33, ""data!I2:L800""), 2, FALSE) = 0, ""Incomplete"", ""Complete"")))"),"") | D63: =IFERROR(__xludf.DUMMYFUNCTION("IF(A63="""", """", IF(ISERROR(VLOOKUP(A63, IMPORTRANGE('Survey Progress'!$B$34, ""data!I2:L800""), 1, FALSE)), ""No Survey"", IF(VLOOKUP(A63, IMPORTRANGE('Survey Progress'!$B$34, ""data!I2:L800""), 2, FALSE) = 0, ""Incomplete"", ""Complete"")))"),"") | E63: =IF(B63="Ineligible", 2, IF(AND(C63="Complete", D63="Complete"), 1, 0)) -> 0
B64: =IFERROR(__xludf.DUMMYFUNCTION("IF(ISERROR(VLOOKUP(A64, IMPORTRANGE('Survey Progress'!$B$32, ""data!H2:M800""), 5, FALSE)), """", IF(VLOOKUP(A64, IMPORTRANGE('Survey Progress'!$B$32, ""data!H2:M800""), 5, FALSE) = 1, ""Eligible"", ""Ineligible""))"),"Eligible") -> Eligible | C64: =IFERROR(__xludf.DUMMYFUNCTION("IF(A64="""", """", IF(ISERROR(VLOOKUP(A64, IMPORTRANGE('Survey Progress'!$B$33, ""data!I2:L800""), 1, FALSE)), ""No Survey"", IF(VLOOKUP(A64, IMPORTRANGE('Survey Progress'!$B$33, ""data!I2:L800""), 2, FALSE) = 0, ""Incomplete"", ""Complete"")))"),"") | D64: =IFERROR(__xludf.DUMMYFUNCTION("IF(A64="""", """", IF(ISERROR(VLOOKUP(A64, IMPORTRANGE('Survey Progress'!$B$34, ""data!I2:L800""), 1, FALSE)), ""No Survey"", IF(VLOOKUP(A64, IMPORTRANGE('Survey Progress'!$B$34, ""data!I2:L800""), 2, FALSE) = 0, ""Incomplete"", ""Complete"")))"),"") | E64: =IF(B64="Ineligible", 2, IF(AND(C64="Complete", D64="Complete"), 1, 0)) -> 0
B65: =IFERROR(__xludf.DUMMYFUNCTION("IF(ISERROR(VLOOKUP(A65, IMPORTRANGE('Survey Progress'!$B$32, ""data!H2:M800""), 5, FALSE)), """", IF(VLOOKUP(A65, IMPORTRANGE('Survey Progress'!$B$32, ""data!H2:M800""), 5, FALSE) = 1, ""Eligible"", ""Ineligible""))"),"Eligible") -> Eligible | C65: =IFERROR(__xludf.DUMMYFUNCTION("IF(A65="""", """", IF(ISERROR(VLOOKUP(A65, IMPORTRANGE('Survey Progress'!$B$33, ""data!I2:L800""), 1, FALSE)), ""No Survey"", IF(VLOOKUP(A65, IMPORTRANGE('Survey Progress'!$B$33, ""data!I2:L800""), 2, FALSE) = 0, ""Incomplete"", ""Complete"")))"),"") | D65: =IFERROR(__xludf.DUMMYFUNCTION("IF(A65="""", """", IF(ISERROR(VLOOKUP(A65, IMPORTRANGE('Survey Progress'!$B$34, ""data!I2:L800""), 1, FALSE)), ""No Survey"", IF(VLOOKUP(A65, IMPORTRANGE('Survey Progress'!$B$34, ""data!I2:L800""), 2, FALSE) = 0, ""Incomplete"", ""Complete"")))"),"") | E65: =IF(B65="Ineligible", 2, IF(AND(C65="Complete", D65="Complete"), 1, 0)) -> 0
B66: =IFERROR(__xludf.DUMMYFUNCTION("IF(ISERROR(VLOOKUP(A66, IMPORTRANGE('Survey Progress'!$B$32, ""data!H2:M800""), 5, FALSE)), """", IF(VLOOKUP(A66, IMPORTRANGE('Survey Progress'!$B$32, ""data!H2:M800""), 5, FALSE) = 1, ""Eligible"", ""Ineligible""))"),"Eligible") -> Eligible | C66: =IFERROR(__xludf.DUMMYFUNCTION("IF(A66="""", """", IF(ISERROR(VLOOKUP(A66, IMPORTRANGE('Survey Progress'!$B$33, ""data!I2:L800""), 1, FALSE)), ""No Survey"", IF(VLOOKUP(A66, IMPORTRANGE('Survey Progress'!$B$33, ""data!I2:L800""), 2, FALSE) = 0, ""Incomplete"", ""Complete"")))"),"") | D66: =IFERROR(__xludf.DUMMYFUNCTION("IF(A66="""", """", IF(ISERROR(VLOOKUP(A66, IMPORTRANGE('Survey Progress'!$B$34, ""data!I2:L800""), 1, FALSE)), ""No Survey"", IF(VLOOKUP(A66, IMPORTRANGE('Survey Progress'!$B$34, ""data!I2:L800""), 2, FALSE) = 0, ""Incomplete"", ""Complete"")))"),"") | E66: =IF(B66="Ineligible", 2, IF(AND(C66="Complete", D66="Complete"), 1, 0)) -> 0
B67: =IFERROR(__xludf.DUMMYFUNCTION("IF(ISERROR(VLOOKUP(A67, IMPORTRANGE('Survey Progress'!$B$32, ""data!H2:M800""), 5, FALSE)), """", IF(VLOOKUP(A67, IMPORTRANGE('Survey Progress'!$B$32, ""data!H2:M800""), 5, FALSE) = 1, ""Eligible"", ""Ineligible""))"),"Eligible") -> Eligible | C67: =IFERROR(__xludf.DUMMYFUNCTION("IF(A67="""", """", IF(ISERROR(VLOOKUP(A67, IMPORTRANGE('Survey Progress'!$B$33, ""data!I2:L800""), 1, FALSE)), ""No Survey"", IF(VLOOKUP(A67, IMPORTRANGE('Survey Progress'!$B$33, ""data!I2:L800""), 2, FALSE) = 0, ""Incomplete"", ""Complete"")))"),"") | D67: =IFERROR(__xludf.DUMMYFUNCTION("IF(A67="""", """", IF(ISERROR(VLOOKUP(A67, IMPORTRANGE('Survey Progress'!$B$34, ""data!I2:L800""), 1, FALSE)), ""No Survey"", IF(VLOOKUP(A67, IMPORTRANGE('Survey Progress'!$B$34, ""data!I2:L800""), 2, FALSE) = 0, ""Incomplete"", ""Complete"")))"),"") | E67: =IF(B67="Ineligible", 2, IF(AND(C67="Complete", D67="Complete"), 1, 0)) -> 0
B68: =IFERROR(__xludf.DUMMYFUNCTION("IF(ISERROR(VLOOKUP(A68, IMPORTRANGE('Survey Progress'!$B$32, ""data!H2:M800""), 5, FALSE)), """", IF(VLOOKUP(A68, IMPORTRANGE('Survey Progress'!$B$32, ""data!H2:M800""), 5, FALSE) = 1, ""Eligible"", ""Ineligible""))"),"Eligible") -> Eligible | C68: =IFERROR(__xludf.DUMMYFUNCTION("IF(A68="""", """", IF(ISERROR(VLOOKUP(A68, IMPORTRANGE('Survey Progress'!$B$33, ""data!I2:L800""), 1, FALSE)), ""No Survey"", IF(VLOOKUP(A68, IMPORTRANGE('Survey Progress'!$B$33, ""data!I2:L800""), 2, FALSE) = 0, ""Incomplete"", ""Complete"")))"),"") | D68: =IFERROR(__xludf.DUMMYFUNCTION("IF(A68="""", """", IF(ISERROR(VLOOKUP(A68, IMPORTRANGE('Survey Progress'!$B$34, ""data!I2:L800""), 1, FALSE)), ""No Survey"", IF(VLOOKUP(A68, IMPORTRANGE('Survey Progress'!$B$34, ""data!I2:L800""), 2, FALSE) = 0, ""Incomplete"", ""Complete"")))"),"") | E68: =IF(B68="Ineligible", 2, IF(AND(C68="Complete", D68="Complete"), 1, 0)) -> 0
B69: =IFERROR(__xludf.DUMMYFUNCTION("IF(ISERROR(VLOOKUP(A69, IMPORTRANGE('Survey Progress'!$B$32, ""data!H2:M800""), 5, FALSE)), """", IF(VLOOKUP(A69, IMPORTRANGE('Survey Progress'!$B$32, ""data!H2:M800""), 5, FALSE) = 1, ""Eligible"", ""Ineligible""))"),"Eligible") -> Eligible | C69: =IFERROR(__xludf.DUMMYFUNCTION("IF(A69="""", """", IF(ISERROR(VLOOKUP(A69, IMPORTRANGE('Survey Progress'!$B$33, ""data!I2:L800""), 1, FALSE)), ""No Survey"", IF(VLOOKUP(A69, IMPORTRANGE('Survey Progress'!$B$33, ""data!I2:L800""), 2, FALSE) = 0, ""Incomplete"", ""Complete"")))"),"") | D69: =IFERROR(__xludf.DUMMYFUNCTION("IF(A69="""", """", IF(ISERROR(VLOOKUP(A69, IMPORTRANGE('Survey Progress'!$B$34, ""data!I2:L800""), 1, FALSE)), ""No Survey"", IF(VLOOKUP(A69, IMPORTRANGE('Survey Progress'!$B$34, ""data!I2:L800""), 2, FALSE) = 0, ""Incomplete"", ""Complete"")))"),"") | E69: =IF(B69="Ineligible", 2, IF(AND(C69="Complete", D69="Complete"), 1, 0)) -> 0
B70: =IFERROR(__xludf.DUMMYFUNCTION("IF(ISERROR(VLOOKUP(A70, IMPORTRANGE('Survey Progress'!$B$32, ""data!H2:M800""), 5, FALSE)), """", IF(VLOOKUP(A70, IMPORTRANGE('Survey Progress'!$B$32, ""data!H2:M800""), 5, FALSE) = 1, ""Eligible"", ""Ineligible""))"),"Eligible") -> Eligible | C70: =IFERROR(__xludf.DUMMYFUNCTION("IF(A70="""", """", IF(ISERROR(VLOOKUP(A70, IMPORTRANGE('Survey Progress'!$B$33, ""data!I2:L800""), 1, FALSE)), ""No Survey"", IF(VLOOKUP(A70, IMPORTRANGE('Survey Progress'!$B$33, ""data!I2:L800""), 2, FALSE) = 0, ""Incomplete"", ""Complete"")))"),"") | D70: =IFERROR(__xludf.DUMMYFUNCTION("IF(A70="""", """", IF(ISERROR(VLOOKUP(A70, IMPORTRANGE('Survey Progress'!$B$34, ""data!I2:L800""), 1, FALSE)), ""No Survey"", IF(VLOOKUP(A70, IMPORTRANGE('Survey Progress'!$B$34, ""data!I2:L800""), 2, FALSE) = 0, ""Incomplete"", ""Complete"")))"),"") | E70: =IF(B70="Ineligible", 2, IF(AND(C70="Complete", D70="Complete"), 1, 0)) -> 0
B71: =IFERROR(__xludf.DUMMYFUNCTION("IF(ISERROR(VLOOKUP(A71, IMPORTRANGE('Survey Progress'!$B$32, ""data!H2:M800""), 5, FALSE)), """", IF(VLOOKUP(A71, IMPORTRANGE('Survey Progress'!$B$32, ""data!H2:M800""), 5, FALSE) = 1, ""Eligible"", ""Ineligible""))"),"Eligible") -> Eligible | C71: =IFERROR(__xludf.DUMMYFUNCTION("IF(A71="""", """", IF(ISERROR(VLOOKUP(A71, IMPORTRANGE('Survey Progress'!$B$33, ""data!I2:L800""), 1, FALSE)), ""No Survey"", IF(VLOOKUP(A71, IMPORTRANGE('Survey Progress'!$B$33, ""data!I2:L800""), 2, FALSE) = 0, ""Incomplete"", ""Complete"")))"),"") | D71: =IFERROR(__xludf.DUMMYFUNCTION("IF(A71="""", """", IF(ISERROR(VLOOKUP(A71, IMPORTRANGE('Survey Progress'!$B$34, ""data!I2:L800""), 1, FALSE)), ""No Survey"", IF(VLOOKUP(A71, IMPORTRANGE('Survey Progress'!$B$34, ""data!I2:L800""), 2, FALSE) = 0, ""Incomplete"", ""Complete"")))"),"") | E71: =IF(B71="Ineligible", 2, IF(AND(C71="Complete", D71="Complete"), 1, 0)) -> 0
B72: =IFERROR(__xludf.DUMMYFUNCTION("IF(ISERROR(VLOOKUP(A72, IMPORTRANGE('Survey Progress'!$B$32, ""data!H2:M800""), 5, FALSE)), """", IF(VLOOKUP(A72, IMPORTRANGE('Survey Progress'!$B$32, ""data!H2:M800""), 5, FALSE) = 1, ""Eligible"", ""Ineligible""))"),"Eligible") -> Eligible | C72: =IFERROR(__xludf.DUMMYFUNCTION("IF(A72="""", """", IF(ISERROR(VLOOKUP(A72, IMPORTRANGE('Survey Progress'!$B$33, ""data!I2:L800""), 1, FALSE)), ""No Survey"", IF(VLOOKUP(A72, IMPORTRANGE('Survey Progress'!$B$33, ""data!I2:L800""), 2, FALSE) = 0, ""Incomplete"", ""Complete"")))"),"") | D72: =IFERROR(__xludf.DUMMYFUNCTION("IF(A72="""", """", IF(ISERROR(VLOOKUP(A72, IMPORTRANGE('Survey Progress'!$B$34, ""data!I2:L800""), 1, FALSE)), ""No Survey"", IF(VLOOKUP(A72, IMPORTRANGE('Survey Progress'!$B$34, ""data!I2:L800""), 2, FALSE) = 0, ""Incomplete"", ""Complete"")))"),"") | E72: =IF(B72="Ineligible", 2, IF(AND(C72="Complete", D72="Complete"), 1, 0)) -> 0
B73: =IFERROR(__xludf.DUMMYFUNCTION("IF(ISERROR(VLOOKUP(A73, IMPORTRANGE('Survey Progress'!$B$32, ""data!H2:M800""), 5, FALSE)), """", IF(VLOOKUP(A73, IMPORTRANGE('Survey Progress'!$B$32, ""data!H2:M800""), 5, FALSE) = 1, ""Eligible"", ""Ineligible""))"),"Eligible") -> Eligible | C73: =IFERROR(__xludf.DUMMYFUNCTION("IF(A73="""", """", IF(ISERROR(VLOOKUP(A73, IMPORTRANGE('Survey Progress'!$B$33, ""data!I2:L800""), 1, FALSE)), ""No Survey"", IF(VLOOKUP(A73, IMPORTRANGE('Survey Progress'!$B$33, ""data!I2:L800""), 2, FALSE) = 0, ""Incomplete"", ""Complete"")))"),"") | D73: =IFERROR(__xludf.DUMMYFUNCTION("IF(A73="""", """", IF(ISERROR(VLOOKUP(A73, IMPORTRANGE('Survey Progress'!$B$34, ""data!I2:L800""), 1, FALSE)), ""No Survey"", IF(VLOOKUP(A73, IMPORTRANGE('Survey Progress'!$B$34, ""data!I2:L800""), 2, FALSE) = 0, ""Incomplete"", ""Complete"")))"),"") | E73: =IF(B73="Ineligible", 2, IF(AND(C73="Complete", D73="Complete"), 1, 0)) -> 0
B74: =IFERROR(__xludf.DUMMYFUNCTION("IF(ISERROR(VLOOKUP(A74, IMPORTRANGE('Survey Progress'!$B$32, ""data!H2:M800""), 5, FALSE)), """", IF(VLOOKUP(A74, IMPORTRANGE('Survey Progress'!$B$32, ""data!H2:M800""), 5, FALSE) = 1, ""Eligible"", ""Ineligible""))"),"Eligible") -> Eligible | C74: =IFERROR(__xludf.DUMMYFUNCTION("IF(A74="""", """", IF(ISERROR(VLOOKUP(A74, IMPORTRANGE('Survey Progress'!$B$33, ""data!I2:L800""), 1, FALSE)), ""No Survey"", IF(VLOOKUP(A74, IMPORTRANGE('Survey Progress'!$B$33, ""data!I2:L800""), 2, FALSE) = 0, ""Incomplete"", ""Complete"")))"),"") | D74: =IFERROR(__xludf.DUMMYFUNCTION("IF(A74="""", """", IF(ISERROR(VLOOKUP(A74, IMPORTRANGE('Survey Progress'!$B$34, ""data!I2:L800""), 1, FALSE)), ""No Survey"", IF(VLOOKUP(A74, IMPORTRANGE('Survey Progress'!$B$34, ""data!I2:L800""), 2, FALSE) = 0, ""Incomplete"", ""Complete"")))"),"") | E74: =IF(B74="Ineligible", 2, IF(AND(C74="Complete", D74="Complete"), 1, 0)) -> 0
B75: =IFERROR(__xludf.DUMMYFUNCTION("IF(ISERROR(VLOOKUP(A75, IMPORTRANGE('Survey Progress'!$B$32, ""data!H2:M800""), 5, FALSE)), """", IF(VLOOKUP(A75, IMPORTRANGE('Survey Progress'!$B$32, ""data!H2:M800""), 5, FALSE) = 1, ""Eligible"", ""Ineligible""))"),"Eligible") -> Eligible | C75: =IFERROR(__xludf.DUMMYFUNCTION("IF(A75="""", """", IF(ISERROR(VLOOKUP(A75, IMPORTRANGE('Survey Progress'!$B$33, ""data!I2:L800""), 1, FALSE)), ""No Survey"", IF(VLOOKUP(A75, IMPORTRANGE('Survey Progress'!$B$33, ""data!I2:L800""), 2, FALSE) = 0, ""Incomplete"", ""Complete"")))"),"") | D75: =IFERROR(__xludf.DUMMYFUNCTION("IF(A75="""", """", IF(ISERROR(VLOOKUP(A75, IMPORTRANGE('Survey Progress'!$B$34, ""data!I2:L800""), 1, FALSE)), ""No Survey"", IF(VLOOKUP(A75, IMPORTRANGE('Survey Progress'!$B$34, ""data!I2:L800""), 2, FALSE) = 0, ""Incomplete"", ""Complete"")))"),"") | E75: =IF(B75="Ineligible", 2, IF(AND(C75="Complete", D75="Complete"), 1, 0)) -> 0
B76: =IFERROR(__xludf.DUMMYFUNCTION("IF(ISERROR(VLOOKUP(A76, IMPORTRANGE('Survey Progress'!$B$32, ""data!H2:M800""), 5, FALSE)), """", IF(VLOOKUP(A76, IMPORTRANGE('Survey Progress'!$B$32, ""data!H2:M800""), 5, FALSE) = 1, ""Eligible"", ""Ineligible""))"),"Eligible") -> Eligible | C76: =IFERROR(__xludf.DUMMYFUNCTION("IF(A76="""", """", IF(ISERROR(VLOOKUP(A76, IMPORTRANGE('Survey Progress'!$B$33, ""data!I2:L800""), 1, FALSE)), ""No Survey"", IF(VLOOKUP(A76, IMPORTRANGE('Survey Progress'!$B$33, ""data!I2:L800""), 2, FALSE) = 0, ""Incomplete"", ""Complete"")))"),"") | D76: =IFERROR(__xludf.DUMMYFUNCTION("IF(A76="""", """", IF(ISERROR(VLOOKUP(A76, IMPORTRANGE('Survey Progress'!$B$34, ""data!I2:L800""), 1, FALSE)), ""No Survey"", IF(VLOOKUP(A76, IMPORTRANGE('Survey Progress'!$B$34, ""data!I2:L800""), 2, FALSE) = 0, ""Incomplete"", ""Complete"")))"),"") | E76: =IF(B76="Ineligible", 2, IF(AND(C76="Complete", D76="Complete"), 1, 0)) -> 0
B77: =IFERROR(__xludf.DUMMYFUNCTION("IF(ISERROR(VLOOKUP(A77, IMPORTRANGE('Survey Progress'!$B$32, ""data!H2:M800""), 5, FALSE)), """", IF(VLOOKUP(A77, IMPORTRANGE('Survey Progress'!$B$32, ""data!H2:M800""), 5, FALSE) = 1, ""Eligible"", ""Ineligible""))"),"Eligible") -> Eligible | C77: =IFERROR(__xludf.DUMMYFUNCTION("IF(A77="""", """", IF(ISERROR(VLOOKUP(A77, IMPORTRANGE('Survey Progress'!$B$33, ""data!I2:L800""), 1, FALSE)), ""No Survey"", IF(VLOOKUP(A77, IMPORTRANGE('Survey Progress'!$B$33, ""data!I2:L800""), 2, FALSE) = 0, ""Incomplete"", ""Complete"")))"),"") | D77: =IFERROR(__xludf.DUMMYFUNCTION("IF(A77="""", """", IF(ISERROR(VLOOKUP(A77, IMPORTRANGE('Survey Progress'!$B$34, ""data!I2:L800""), 1, FALSE)), ""No Survey"", IF(VLOOKUP(A77, IMPORTRANGE('Survey Progress'!$B$34, ""data!I2:L800""), 2, FALSE) = 0, ""Incomplete"", ""Complete"")))"),"") | E77: =IF(B77="Ineligible", 2, IF(AND(C77="Complete", D77="Complete"), 1, 0)) -> 0
B78: =IFERROR(__xludf.DUMMYFUNCTION("IF(ISERROR(VLOOKUP(A78, IMPORTRANGE('Survey Progress'!$B$32, ""data!H2:M800""), 5, FALSE)), """", IF(VLOOKUP(A78, IMPORTRANGE('Survey Progress'!$B$32, ""data!H2:M800""), 5, FALSE) = 1, ""Eligible"", ""Ineligible""))"),"Eligible") -> Eligible | C78: =IFERROR(__xludf.DUMMYFUNCTION("IF(A78="""", """", IF(ISERROR(VLOOKUP(A78, IMPORTRANGE('Survey Progress'!$B$33, ""data!I2:L800""), 1, FALSE)), ""No Survey"", IF(VLOOKUP(A78, IMPORTRANGE('Survey Progress'!$B$33, ""data!I2:L800""), 2, FALSE) = 0, ""Incomplete"", ""Complete"")))"),"") | D78: =IFERROR(__xludf.DUMMYFUNCTION("IF(A78="""", """", IF(ISERROR(VLOOKUP(A78, IMPORTRANGE('Survey Progress'!$B$34, ""data!I2:L800""), 1, FALSE)), ""No Survey"", IF(VLOOKUP(A78, IMPORTRANGE('Survey Progress'!$B$34, ""data!I2:L800""), 2, FALSE) = 0, ""Incomplete"", ""Complete"")))"),"") | E78: =IF(B78="Ineligible", 2, IF(AND(C78="Complete", D78="Complete"), 1, 0)) -> 0
B79: =IFERROR(__xludf.DUMMYFUNCTION("IF(ISERROR(VLOOKUP(A79, IMPORTRANGE('Survey Progress'!$B$32, ""data!H2:M800""), 5, FALSE)), """", IF(VLOOKUP(A79, IMPORTRANGE('Survey Progress'!$B$32, ""data!H2:M800""), 5, FALSE) = 1, ""Eligible"", ""Ineligible""))"),"Eligible") -> Eligible | C79: =IFERROR(__xludf.DUMMYFUNCTION("IF(A79="""", """", IF(ISERROR(VLOOKUP(A79, IMPORTRANGE('Survey Progress'!$B$33, ""data!I2:L800""), 1, FALSE)), ""No Survey"", IF(VLOOKUP(A79, IMPORTRANGE('Survey Progress'!$B$33, ""data!I2:L800""), 2, FALSE) = 0, ""Incomplete"", ""Complete"")))"),"") | D79: =IFERROR(__xludf.DUMMYFUNCTION("IF(A79="""", """", IF(ISERROR(VLOOKUP(A79, IMPORTRANGE('Survey Progress'!$B$34, ""data!I2:L800""), 1, FALSE)), ""No Survey"", IF(VLOOKUP(A79, IMPORTRANGE('Survey Progress'!$B$34, ""data!I2:L800""), 2, FALSE) = 0, ""Incomplete"", ""Complete"")))"),"") | E79: =IF(B79="Ineligible", 2, IF(AND(C79="Complete", D79="Complete"), 1, 0)) -> 0
B80: =IFERROR(__xludf.DUMMYFUNCTION("IF(ISERROR(VLOOKUP(A80, IMPORTRANGE('Survey Progress'!$B$32, ""data!H2:M800""), 5, FALSE)), """", IF(VLOOKUP(A80, IMPORTRANGE('Survey Progress'!$B$32, ""data!H2:M800""), 5, FALSE) = 1, ""Eligible"", ""Ineligible""))"),"Eligible") -> Eligible | C80: =IFERROR(__xludf.DUMMYFUNCTION("IF(A80="""", """", IF(ISERROR(VLOOKUP(A80, IMPORTRANGE('Survey Progress'!$B$33, ""data!I2:L800""), 1, FALSE)), ""No Survey"", IF(VLOOKUP(A80, IMPORTRANGE('Survey Progress'!$B$33, ""data!I2:L800""), 2, FALSE) = 0, ""Incomplete"", ""Complete"")))"),"") | D80: =IFERROR(__xludf.DUMMYFUNCTION("IF(A80="""", """", IF(ISERROR(VLOOKUP(A80, IMPORTRANGE('Survey Progress'!$B$34, ""data!I2:L800""), 1, FALSE)), ""No Survey"", IF(VLOOKUP(A80, IMPORTRANGE('Survey Progress'!$B$34, ""data!I2:L800""), 2, FALSE) = 0, ""Incomplete"", ""Complete"")))"),"") | E80: =IF(B80="Ineligible", 2, IF(AND(C80="Complete", D80="Complete"), 1, 0)) -> 0
B81: =IFERROR(__xludf.DUMMYFUNCTION("IF(ISERROR(VLOOKUP(A81, IMPORTRANGE('Survey Progress'!$B$32, ""data!H2:M800""), 5, FALSE)), """", IF(VLOOKUP(A81, IMPORTRANGE('Survey Progress'!$B$32, ""data!H2:M800""), 5, FALSE) = 1, ""Eligible"", ""Ineligible""))"),"Eligible") -> Eligible | C81: =IFERROR(__xludf.DUMMYFUNCTION("IF(A81="""", """", IF(ISERROR(VLOOKUP(A81, IMPORTRANGE('Survey Progress'!$B$33, ""data!I2:L800""), 1, FALSE)), ""No Survey"", IF(VLOOKUP(A81, IMPORTRANGE('Survey Progress'!$B$33, ""data!I2:L800""), 2, FALSE) = 0, ""Incomplete"", ""Complete"")))"),"") | D81: =IFERROR(__xludf.DUMMYFUNCTION("IF(A81="""", """", IF(ISERROR(VLOOKUP(A81, IMPORTRANGE('Survey Progress'!$B$34, ""data!I2:L800""), 1, FALSE)), ""No Survey"", IF(VLOOKUP(A81, IMPORTRANGE('Survey Progress'!$B$34, ""data!I2:L800""), 2, FALSE) = 0, ""Incomplete"", ""Complete"")))"),"") | E81: =IF(B81="Ineligible", 2, IF(AND(C81="Complete", D81="Complete"), 1, 0)) -> 0
B82: =IFERROR(__xludf.DUMMYFUNCTION("IF(ISERROR(VLOOKUP(A82, IMPORTRANGE('Survey Progress'!$B$32, ""data!H2:M800""), 5, FALSE)), """", IF(VLOOKUP(A82, IMPORTRANGE('Survey Progress'!$B$32, ""data!H2:M800""), 5, FALSE) = 1, ""Eligible"", ""Ineligible""))"),"Eligible") -> Eligible | C82: =IFERROR(__xludf.DUMMYFUNCTION("IF(A82="""", """", IF(ISERROR(VLOOKUP(A82, IMPORTRANGE('Survey Progress'!$B$33, ""data!I2:L800""), 1, FALSE)), ""No Survey"", IF(VLOOKUP(A82, IMPORTRANGE('Survey Progress'!$B$33, ""data!I2:L800""), 2, FALSE) = 0, ""Incomplete"", ""Complete"")))"),"") | D82: =IFERROR(__xludf.DUMMYFUNCTION("IF(A82="""", """", IF(ISERROR(VLOOKUP(A82, IMPORTRANGE('Survey Progress'!$B$34, ""data!I2:L800""), 1, FALSE)), ""No Survey"", IF(VLOOKUP(A82, IMPORTRANGE('Survey Progress'!$B$34, ""data!I2:L800""), 2, FALSE) = 0, ""Incomplete"", ""Complete"")))"),"") | E82: =IF(B82="Ineligible", 2, IF(AND(C82="Complete", D82="Complete"), 1, 0)) -> 0
B83: =IFERROR(__xludf.DUMMYFUNCTION("IF(ISERROR(VLOOKUP(A83, IMPORTRANGE('Survey Progress'!$B$32, ""data!H2:M800""), 5, FALSE)), """", IF(VLOOKUP(A83, IMPORTRANGE('Survey Progress'!$B$32, ""data!H2:M800""), 5, FALSE) = 1, ""Eligible"", ""Ineligible""))"),"Eligible") -> Eligible | C83: =IFERROR(__xludf.DUMMYFUNCTION("IF(A83="""", """", IF(ISERROR(VLOOKUP(A83, IMPORTRANGE('Survey Progress'!$B$33, ""data!I2:L800""), 1, FALSE)), ""No Survey"", IF(VLOOKUP(A83, IMPORTRANGE('Survey Progress'!$B$33, ""data!I2:L800""), 2, FALSE) = 0, ""Incomplete"", ""Complete"")))"),"") | D83: =IFERROR(__xludf.DUMMYFUNCTION("IF(A83="""", """", IF(ISERROR(VLOOKUP(A83, IMPORTRANGE('Survey Progress'!$B$34, ""data!I2:L800""), 1, FALSE)), ""No Survey"", IF(VLOOKUP(A83, IMPORTRANGE('Survey Progress'!$B$34, ""data!I2:L800""), 2, FALSE) = 0, ""Incomplete"", ""Complete"")))"),"") | E83: =IF(B83="Ineligible", 2, IF(AND(C83="Complete", D83="Complete"), 1, 0)) -> 0
B84: =IFERROR(__xludf.DUMMYFUNCTION("IF(ISERROR(VLOOKUP(A84, IMPORTRANGE('Survey Progress'!$B$32, ""data!H2:M800""), 5, FALSE)), """", IF(VLOOKUP(A84, IMPORTRANGE('Survey Progress'!$B$32, ""data!H2:M800""), 5, FALSE) = 1, ""Eligible"", ""Ineligible""))"),"Eligible") -> Eligible | C84: =IFERROR(__xludf.DUMMYFUNCTION("IF(A84="""", """", IF(ISERROR(VLOOKUP(A84, IMPORTRANGE('Survey Progress'!$B$33, ""data!I2:L800""), 1, FALSE)), ""No Survey"", IF(VLOOKUP(A84, IMPORTRANGE('Survey Progress'!$B$33, ""data!I2:L800""), 2, FALSE) = 0, ""Incomplete"", ""Complete"")))"),"") | D84: =IFERROR(__xludf.DUMMYFUNCTION("IF(A84="""", """", IF(ISERROR(VLOOKUP(A84, IMPORTRANGE('Survey Progress'!$B$34, ""data!I2:L800""), 1, FALSE)), ""No Survey"", IF(VLOOKUP(A84, IMPORTRANGE('Survey Progress'!$B$34, ""data!I2:L800""), 2, FALSE) = 0, ""Incomplete"", ""Complete"")))"),"") | E84: =IF(B84="Ineligible", 2, IF(AND(C84="Complete", D84="Complete"), 1, 0)) -> 0
B85: =IFERROR(__xludf.DUMMYFUNCTION("IF(ISERROR(VLOOKUP(A85, IMPORTRANGE('Survey Progress'!$B$32, ""data!H2:M800""), 5, FALSE)), """", IF(VLOOKUP(A85, IMPORTRANGE('Survey Progress'!$B$32, ""data!H2:M800""), 5, FALSE) = 1, ""Eligible"", ""Ineligible""))"),"Eligible") -> Eligible | C85: =IFERROR(__xludf.DUMMYFUNCTION("IF(A85="""", """", IF(ISERROR(VLOOKUP(A85, IMPORTRANGE('Survey Progress'!$B$33, ""data!I2:L800""), 1, FALSE)), ""No Survey"", IF(VLOOKUP(A85, IMPORTRANGE('Survey Progress'!$B$33, ""data!I2:L800""), 2, FALSE) = 0, ""Incomplete"", ""Complete"")))"),"") | D85: =IFERROR(__xludf.DUMMYFUNCTION("IF(A85="""", """", IF(ISERROR(VLOOKUP(A85, IMPORTRANGE('Survey Progress'!$B$34, ""data!I2:L800""), 1, FALSE)), ""No Survey"", IF(VLOOKUP(A85, IMPORTRANGE('Survey Progress'!$B$34, ""data!I2:L800""), 2, FALSE) = 0, ""Incomplete"", ""Complete"")))"),"") | E85: =IF(B85="Ineligible", 2, IF(AND(C85="Complete", D85="Complete"), 1, 0)) -> 0
B86: =IFERROR(__xludf.DUMMYFUNCTION("IF(ISERROR(VLOOKUP(A86, IMPORTRANGE('Survey Progress'!$B$32, ""data!H2:M800""), 5, FALSE)), """", IF(VLOOKUP(A86, IMPORTRANGE('Survey Progress'!$B$32, ""data!H2:M800""), 5, FALSE) = 1, ""Eligible"", ""Ineligible""))"),"Eligible") -> Eligible | C86: =IFERROR(__xludf.DUMMYFUNCTION("IF(A86="""", """", IF(ISERROR(VLOOKUP(A86, IMPORTRANGE('Survey Progress'!$B$33, ""data!I2:L800""), 1, FALSE)), ""No Survey"", IF(VLOOKUP(A86, IMPORTRANGE('Survey Progress'!$B$33, ""data!I2:L800""), 2, FALSE) = 0, ""Incomplete"", ""Complete"")))"),"") | D86: =IFERROR(__xludf.DUMMYFUNCTION("IF(A86="""", """", IF(ISERROR(VLOOKUP(A86, IMPORTRANGE('Survey Progress'!$B$34, ""data!I2:L800""), 1, FALSE)), ""No Survey"", IF(VLOOKUP(A86, IMPORTRANGE('Survey Progress'!$B$34, ""data!I2:L800""), 2, FALSE) = 0, ""Incomplete"", ""Complete"")))"),"") | E86: =IF(B86="Ineligible", 2, IF(AND(C86="Complete", D86="Complete"), 1, 0)) -> 0
B87: =IFERROR(__xludf.DUMMYFUNCTION("IF(ISERROR(VLOOKUP(A87, IMPORTRANGE('Survey Progress'!$B$32, ""data!H2:M800""), 5, FALSE)), """", IF(VLOOKUP(A87, IMPORTRANGE('Survey Progress'!$B$32, ""data!H2:M800""), 5, FALSE) = 1, ""Eligible"", ""Ineligible""))"),"Eligible") -> Eligible | C87: =IFERROR(__xludf.DUMMYFUNCTION("IF(A87="""", """", IF(ISERROR(VLOOKUP(A87, IMPORTRANGE('Survey Progress'!$B$33, ""data!I2:L800""), 1, FALSE)), ""No Survey"", IF(VLOOKUP(A87, IMPORTRANGE('Survey Progress'!$B$33, ""data!I2:L800""), 2, FALSE) = 0, ""Incomplete"", ""Complete"")))"),"") | D87: =IFERROR(__xludf.DUMMYFUNCTION("IF(A87="""", """", IF(ISERROR(VLOOKUP(A87, IMPORTRANGE('Survey Progress'!$B$34, ""data!I2:L800""), 1, FALSE)), ""No Survey"", IF(VLOOKUP(A87, IMPORTRANGE('Survey Progress'!$B$34, ""data!I2:L800""), 2, FALSE) = 0, ""Incomplete"", ""Complete"")))"),"") | E87: =IF(B87="Ineligible", 2, IF(AND(C87="Complete", D87="Complete"), 1, 0)) -> 0
B88: =IFERROR(__xludf.DUMMYFUNCTION("IF(ISERROR(VLOOKUP(A88, IMPORTRANGE('Survey Progress'!$B$32, ""data!H2:M800""), 5, FALSE)), """", IF(VLOOKUP(A88, IMPORTRANGE('Survey Progress'!$B$32, ""data!H2:M800""), 5, FALSE) = 1, ""Eligible"", ""Ineligible""))"),"Eligible") -> Eligible | C88: =IFERROR(__xludf.DUMMYFUNCTION("IF(A88="""", """", IF(ISERROR(VLOOKUP(A88, IMPORTRANGE('Survey Progress'!$B$33, ""data!I2:L800""), 1, FALSE)), ""No Survey"", IF(VLOOKUP(A88, IMPORTRANGE('Survey Progress'!$B$33, ""data!I2:L800""), 2, FALSE) = 0, ""Incomplete"", ""Complete"")))"),"") | D88: =IFERROR(__xludf.DUMMYFUNCTION("IF(A88="""", """", IF(ISERROR(VLOOKUP(A88, IMPORTRANGE('Survey Progress'!$B$34, ""data!I2:L800""), 1, FALSE)), ""No Survey"", IF(VLOOKUP(A88, IMPORTRANGE('Survey Progress'!$B$34, ""data!I2:L800""), 2, FALSE) = 0, ""Incomplete"", ""Complete"")))"),"") | E88: =IF(B88="Ineligible", 2, IF(AND(C88="Complete", D88="Complete"), 1, 0)) -> 0
B89: =IFERROR(__xludf.DUMMYFUNCTION("IF(ISERROR(VLOOKUP(A89, IMPORTRANGE('Survey Progress'!$B$32, ""data!H2:M800""), 5, FALSE)), """", IF(VLOOKUP(A89, IMPORTRANGE('Survey Progress'!$B$32, ""data!H2:M800""), 5, FALSE) = 1, ""Eligible"", ""Ineligible""))"),"Eligible") -> Eligible | C89: =IFERROR(__xludf.DUMMYFUNCTION("IF(A89="""", """", IF(ISERROR(VLOOKUP(A89, IMPORTRANGE('Survey Progress'!$B$33, ""data!I2:L800""), 1, FALSE)), ""No Survey"", IF(VLOOKUP(A89, IMPORTRANGE('Survey Progress'!$B$33, ""data!I2:L800""), 2, FALSE) = 0, ""Incomplete"", ""Complete"")))"),"") | D89: =IFERROR(__xludf.DUMMYFUNCTION("IF(A89="""", """", IF(ISERROR(VLOOKUP(A89, IMPORTRANGE('Survey Progress'!$B$34, ""data!I2:L800""), 1, FALSE)), ""No Survey"", IF(VLOOKUP(A89, IMPORTRANGE('Survey Progress'!$B$34, ""data!I2:L800""), 2, FALSE) = 0, ""Incomplete"", ""Complete"")))"),"") | E89: =IF(B89="Ineligible", 2, IF(AND(C89="Complete", D89="Complete"), 1, 0)) -> 0
B90: =IFERROR(__xludf.DUMMYFUNCTION("IF(ISERROR(VLOOKUP(A90, IMPORTRANGE('Survey Progress'!$B$32, ""data!H2:M800""), 5, FALSE)), """", IF(VLOOKUP(A90, IMPORTRANGE('Survey Progress'!$B$32, ""data!H2:M800""), 5, FALSE) = 1, ""Eligible"", ""Ineligible""))"),"Eligible") -> Eligible | C90: =IFERROR(__xludf.DUMMYFUNCTION("IF(A90="""", """", IF(ISERROR(VLOOKUP(A90, IMPORTRANGE('Survey Progress'!$B$33, ""data!I2:L800""), 1, FALSE)), ""No Survey"", IF(VLOOKUP(A90, IMPORTRANGE('Survey Progress'!$B$33, ""data!I2:L800""), 2, FALSE) = 0, ""Incomplete"", ""Complete"")))"),"") | D90: =IFERROR(__xludf.DUMMYFUNCTION("IF(A90="""", """", IF(ISERROR(VLOOKUP(A90, IMPORTRANGE('Survey Progress'!$B$34, ""data!I2:L800""), 1, FALSE)), ""No Survey"", IF(VLOOKUP(A90, IMPORTRANGE('Survey Progress'!$B$34, ""data!I2:L800""), 2, FALSE) = 0, ""Incomplete"", ""Complete"")))"),"") | E90: =IF(B90="Ineligible", 2, IF(AND(C90="Complete", D90="Complete"), 1, 0)) -> 0
B91: =IFERROR(__xludf.DUMMYFUNCTION("IF(ISERROR(VLOOKUP(A91, IMPORTRANGE('Survey Progress'!$B$32, ""data!H2:M800""), 5, FALSE)), """", IF(VLOOKUP(A91, IMPORTRANGE('Survey Progress'!$B$32, ""data!H2:M800""), 5, FALSE) = 1, ""Eligible"", ""Ineligible""))"),"Eligible") -> Eligible | C91: =IFERROR(__xludf.DUMMYFUNCTION("IF(A91="""", """", IF(ISERROR(VLOOKUP(A91, IMPORTRANGE('Survey Progress'!$B$33, ""data!I2:L800""), 1, FALSE)), ""No Survey"", IF(VLOOKUP(A91, IMPORTRANGE('Survey Progress'!$B$33, ""data!I2:L800""), 2, FALSE) = 0, ""Incomplete"", ""Complete"")))"),"") | D91: =IFERROR(__xludf.DUMMYFUNCTION("IF(A91="""", """", IF(ISERROR(VLOOKUP(A91, IMPORTRANGE('Survey Progress'!$B$34, ""data!I2:L800""), 1, FALSE)), ""No Survey"", IF(VLOOKUP(A91, IMPORTRANGE('Survey Progress'!$B$34, ""data!I2:L800""), 2, FALSE) = 0, ""Incomplete"", ""Complete"")))"),"") | E91: =IF(B91="Ineligible", 2, IF(AND(C91="Complete", D91="Complete"), 1, 0)) -> 0
B92: =IFERROR(__xludf.DUMMYFUNCTION("IF(ISERROR(VLOOKUP(A92, IMPORTRANGE('Survey Progress'!$B$32, ""data!H2:M800""), 5, FALSE)), """", IF(VLOOKUP(A92, IMPORTRANGE('Survey Progress'!$B$32, ""data!H2:M800""), 5, FALSE) = 1, ""Eligible"", ""Ineligible""))"),"Eligible") -> Eligible | C92: =IFERROR(__xludf.DUMMYFUNCTION("IF(A92="""", """", IF(ISERROR(VLOOKUP(A92, IMPORTRANGE('Survey Progress'!$B$33, ""data!I2:L800""), 1, FALSE)), ""No Survey"", IF(VLOOKUP(A92, IMPORTRANGE('Survey Progress'!$B$33, ""data!I2:L800""), 2, FALSE) = 0, ""Incomplete"", ""Complete"")))"),"") | D92: =IFERROR(__xludf.DUMMYFUNCTION("IF(A92="""", """", IF(ISERROR(VLOOKUP(A92, IMPORTRANGE('Survey Progress'!$B$34, ""data!I2:L800""), 1, FALSE)), ""No Survey"", IF(VLOOKUP(A92, IMPORTRANGE('Survey Progress'!$B$34, ""data!I2:L800""), 2, FALSE) = 0, ""Incomplete"", ""Complete"")))"),"") | E92: =IF(B92="Ineligible", 2, IF(AND(C92="Complete", D92="Complete"), 1, 0)) -> 0
B93: =IFERROR(__xludf.DUMMYFUNCTION("IF(ISERROR(VLOOKUP(A93, IMPORTRANGE('Survey Progress'!$B$32, ""data!H2:M800""), 5, FALSE)), """", IF(VLOOKUP(A93, IMPORTRANGE('Survey Progress'!$B$32, ""data!H2:M800""), 5, FALSE) = 1, ""Eligible"", ""Ineligible""))"),"Eligible") -> Eligible | C93: =IFERROR(__xludf.DUMMYFUNCTION("IF(A93="""", """", IF(ISERROR(VLOOKUP(A93, IMPORTRANGE('Survey Progress'!$B$33, ""data!I2:L800""), 1, FALSE)), ""No Survey"", IF(VLOOKUP(A93, IMPORTRANGE('Survey Progress'!$B$33, ""data!I2:L800""), 2, FALSE) = 0, ""Incomplete"", ""Complete"")))"),"") | D93: =IFERROR(__xludf.DUMMYFUNCTION("IF(A93="""", """", IF(ISERROR(VLOOKUP(A93, IMPORTRANGE('Survey Progress'!$B$34, ""data!I2:L800""), 1, FALSE)), ""No Survey"", IF(VLOOKUP(A93, IMPORTRANGE('Survey Progress'!$B$34, ""data!I2:L800""), 2, FALSE) = 0, ""Incomplete"", ""Complete"")))"),"") | E93: =IF(B93="Ineligible", 2, IF(AND(C93="Complete", D93="Complete"), 1, 0)) -> 0
B94: =IFERROR(__xludf.DUMMYFUNCTION("IF(ISERROR(VLOOKUP(A94, IMPORTRANGE('Survey Progress'!$B$32, ""data!H2:M800""), 5, FALSE)), """", IF(VLOOKUP(A94, IMPORTRANGE('Survey Progress'!$B$32, ""data!H2:M800""), 5, FALSE) = 1, ""Eligible"", ""Ineligible""))"),"Eligible") -> Eligible | C94: =IFERROR(__xludf.DUMMYFUNCTION("IF(A94="""", """", IF(ISERROR(VLOOKUP(A94, IMPORTRANGE('Survey Progress'!$B$33, ""data!I2:L800""), 1, FALSE)), ""No Survey"", IF(VLOOKUP(A94, IMPORTRANGE('Survey Progress'!$B$33, ""data!I2:L800""), 2, FALSE) = 0, ""Incomplete"", ""Complete"")))"),"") | D94: =IFERROR(__xludf.DUMMYFUNCTION("IF(A94="""", """", IF(ISERROR(VLOOKUP(A94, IMPORTRANGE('Survey Progress'!$B$34, ""data!I2:L800""), 1, FALSE)), ""No Survey"", IF(VLOOKUP(A94, IMPORTRANGE('Survey Progress'!$B$34, ""data!I2:L800""), 2, FALSE) = 0, ""Incomplete"", ""Complete"")))"),"") | E94: =IF(B94="Ineligible", 2, IF(AND(C94="Complete", D94="Complete"), 1, 0)) -> 0
B95: =IFERROR(__xludf.DUMMYFUNCTION("IF(ISERROR(VLOOKUP(A95, IMPORTRANGE('Survey Progress'!$B$32, ""data!H2:M800""), 5, FALSE)), """", IF(VLOOKUP(A95, IMPORTRANGE('Survey Progress'!$B$32, ""data!H2:M800""), 5, FALSE) = 1, ""Eligible"", ""Ineligible""))"),"Eligible") -> Eligible | C95: =IFERROR(__xludf.DUMMYFUNCTION("IF(A95="""", """", IF(ISERROR(VLOOKUP(A95, IMPORTRANGE('Survey Progress'!$B$33, ""data!I2:L800""), 1, FALSE)), ""No Survey"", IF(VLOOKUP(A95, IMPORTRANGE('Survey Progress'!$B$33, ""data!I2:L800""), 2, FALSE) = 0, ""Incomplete"", ""Complete"")))"),"") | D95: =IFERROR(__xludf.DUMMYFUNCTION("IF(A95="""", """", IF(ISERROR(VLOOKUP(A95, IMPORTRANGE('Survey Progress'!$B$34, ""data!I2:L800""), 1, FALSE)), ""No Survey"", IF(VLOOKUP(A95, IMPORTRANGE('Survey Progress'!$B$34, ""data!I2:L800""), 2, FALSE) = 0, ""Incomplete"", ""Complete"")))"),"") | E95: =IF(B95="Ineligible", 2, IF(AND(C95="Complete", D95="Complete"), 1, 0)) -> 0
B96: =IFERROR(__xludf.DUMMYFUNCTION("IF(ISERROR(VLOOKUP(A96, IMPORTRANGE('Survey Progress'!$B$32, ""data!H2:M800""), 5, FALSE)), """", IF(VLOOKUP(A96, IMPORTRANGE('Survey Progress'!$B$32, ""data!H2:M800""), 5, FALSE) = 1, ""Eligible"", ""Ineligible""))"),"Eligible") -> Eligible | C96: =IFERROR(__xludf.DUMMYFUNCTION("IF(A96="""", """", IF(ISERROR(VLOOKUP(A96, IMPORTRANGE('Survey Progress'!$B$33, ""data!I2:L800""), 1, FALSE)), ""No Survey"", IF(VLOOKUP(A96, IMPORTRANGE('Survey Progress'!$B$33, ""data!I2:L800""), 2, FALSE) = 0, ""Incomplete"", ""Complete"")))"),"") | D96: =IFERROR(__xludf.DUMMYFUNCTION("IF(A96="""", """", IF(ISERROR(VLOOKUP(A96, IMPORTRANGE('Survey Progress'!$B$34, ""data!I2:L800""), 1, FALSE)), ""No Survey"", IF(VLOOKUP(A96, IMPORTRANGE('Survey Progress'!$B$34, ""data!I2:L800""), 2, FALSE) = 0, ""Incomplete"", ""Complete"")))"),"") | E96: =IF(B96="Ineligible", 2, IF(AND(C96="Complete", D96="Complete"), 1, 0)) -> 0
B97: =IFERROR(__xludf.DUMMYFUNCTION("IF(ISERROR(VLOOKUP(A97, IMPORTRANGE('Survey Progress'!$B$32, ""data!H2:M800""), 5, FALSE)), """", IF(VLOOKUP(A97, IMPORTRANGE('Survey Progress'!$B$32, ""data!H2:M800""), 5, FALSE) = 1, ""Eligible"", ""Ineligible""))"),"Eligible") -> Eligible | C97: =IFERROR(__xludf.DUMMYFUNCTION("IF(A97="""", """", IF(ISERROR(VLOOKUP(A97, IMPORTRANGE('Survey Progress'!$B$33, ""data!I2:L800""), 1, FALSE)), ""No Survey"", IF(VLOOKUP(A97, IMPORTRANGE('Survey Progress'!$B$33, ""data!I2:L800""), 2, FALSE) = 0, ""Incomplete"", ""Complete"")))"),"") | D97: =IFERROR(__xludf.DUMMYFUNCTION("IF(A97="""", """", IF(ISERROR(VLOOKUP(A97, IMPORTRANGE('Survey Progress'!$B$34, ""data!I2:L800""), 1, FALSE)), ""No Survey"", IF(VLOOKUP(A97, IMPORTRANGE('Survey Progress'!$B$34, ""data!I2:L800""), 2, FALSE) = 0, ""Incomplete"", ""Complete"")))"),"") | E97: =IF(B97="Ineligible", 2, IF(AND(C97="Complete", D97="Complete"), 1, 0)) -> 0
B98: =IFERROR(__xludf.DUMMYFUNCTION("IF(ISERROR(VLOOKUP(A98, IMPORTRANGE('Survey Progress'!$B$32, ""data!H2:M800""), 5, FALSE)), """", IF(VLOOKUP(A98, IMPORTRANGE('Survey Progress'!$B$32, ""data!H2:M800""), 5, FALSE) = 1, ""Eligible"", ""Ineligible""))"),"Eligible") -> Eligible | C98: =IFERROR(__xludf.DUMMYFUNCTION("IF(A98="""", """", IF(ISERROR(VLOOKUP(A98, IMPORTRANGE('Survey Progress'!$B$33, ""data!I2:L800""), 1, FALSE)), ""No Survey"", IF(VLOOKUP(A98, IMPORTRANGE('Survey Progress'!$B$33, ""data!I2:L800""), 2, FALSE) = 0, ""Incomplete"", ""Complete"")))"),"") | D98: =IFERROR(__xludf.DUMMYFUNCTION("IF(A98="""", """", IF(ISERROR(VLOOKUP(A98, IMPORTRANGE('Survey Progress'!$B$34, ""data!I2:L800""), 1, FALSE)), ""No Survey"", IF(VLOOKUP(A98, IMPORTRANGE('Survey Progress'!$B$34, ""data!I2:L800""), 2, FALSE) = 0, ""Incomplete"", ""Complete"")))"),"") | E98: =IF(B98="Ineligible", 2, IF(AND(C98="Complete", D98="Complete"), 1, 0)) -> 0
B99: =IFERROR(__xludf.DUMMYFUNCTION("IF(ISERROR(VLOOKUP(A99, IMPORTRANGE('Survey Progress'!$B$32, ""data!H2:M800""), 5, FALSE)), """", IF(VLOOKUP(A99, IMPORTRANGE('Survey Progress'!$B$32, ""data!H2:M800""), 5, FALSE) = 1, ""Eligible"", ""Ineligible""))"),"Eligible") -> Eligible | C99: =IFERROR(__xludf.DUMMYFUNCTION("IF(A99="""", """", IF(ISERROR(VLOOKUP(A99, IMPORTRANGE('Survey Progress'!$B$33, ""data!I2:L800""), 1, FALSE)), ""No Survey"", IF(VLOOKUP(A99, IMPORTRANGE('Survey Progress'!$B$33, ""data!I2:L800""), 2, FALSE) = 0, ""Incomplete"", ""Complete"")))"),"") | D99: =IFERROR(__xludf.DUMMYFUNCTION("IF(A99="""", """", IF(ISERROR(VLOOKUP(A99, IMPORTRANGE('Survey Progress'!$B$34, ""data!I2:L800""), 1, FALSE)), ""No Survey"", IF(VLOOKUP(A99, IMPORTRANGE('Survey Progress'!$B$34, ""data!I2:L800""), 2, FALSE) = 0, ""Incomplete"", ""Complete"")))"),"") | E99: =IF(B99="Ineligible", 2, IF(AND(C99="Complete", D99="Complete"), 1, 0)) -> 0
B100: =IFERROR(__xludf.DUMMYFUNCTION("IF(ISERROR(VLOOKUP(A100, IMPORTRANGE('Survey Progress'!$B$32, ""data!H2:M800""), 5, FALSE)), """", IF(VLOOKUP(A100, IMPORTRANGE('Survey Progress'!$B$32, ""data!H2:M800""), 5, FALSE) = 1, ""Eligible"", ""Ineligible""))"),"Eligible") -> Eligible | C100: =IFERROR(__xludf.DUMMYFUNCTION("IF(A100="""", """", IF(ISERROR(VLOOKUP(A100, IMPORTRANGE('Survey Progress'!$B$33, ""data!I2:L800""), 1, FALSE)), ""No Survey"", IF(VLOOKUP(A100, IMPORTRANGE('Survey Progress'!$B$33, ""data!I2:L800""), 2, FALSE) = 0, ""Incomplete"", ""Complete"")))"),"") | D100: =IFERROR(__xludf.DUMMYFUNCTION("IF(A100="""", """", IF(ISERROR(VLOOKUP(A100, IMPORTRANGE('Survey Progress'!$B$34, ""data!I2:L800""), 1, FALSE)), ""No Survey"", IF(VLOOKUP(A100, IMPORTRANGE('Survey Progress'!$B$34, ""data!I2:L800""), 2, FALSE) = 0, ""Incomplete"", ""Complete"")))"),"") | E100: =IF(B100="Ineligible", 2, IF(AND(C100="Complete", D100="Complete"), 1, 0)) -> 0
B101: =IFERROR(__xludf.DUMMYFUNCTION("IF(ISERROR(VLOOKUP(A101, IMPORTRANGE('Survey Progress'!$B$32, ""data!H2:M800""), 5, FALSE)), """", IF(VLOOKUP(A101, IMPORTRANGE('Survey Progress'!$B$32, ""data!H2:M800""), 5, FALSE) = 1, ""Eligible"", ""Ineligible""))"),"Eligible") -> Eligible | C101: =IFERROR(__xludf.DUMMYFUNCTION("IF(A101="""", """", IF(ISERROR(VLOOKUP(A101, IMPORTRANGE('Survey Progress'!$B$33, ""data!I2:L800""), 1, FALSE)), ""No Survey"", IF(VLOOKUP(A101, IMPORTRANGE('Survey Progress'!$B$33, ""data!I2:L800""), 2, FALSE) = 0, ""Incomplete"", ""Complete"")))"),"") | D101: =IFERROR(__xludf.DUMMYFUNCTION("IF(A101="""", """", IF(ISERROR(VLOOKUP(A101, IMPORTRANGE('Survey Progress'!$B$34, ""data!I2:L800""), 1, FALSE)), ""No Survey"", IF(VLOOKUP(A101, IMPORTRANGE('Survey Progress'!$B$34, ""data!I2:L800""), 2, FALSE) = 0, ""Incomplete"", ""Complete"")))"),"") | E101: =IF(B101="Ineligible", 2, IF(AND(C101="Complete", D101="Complete"), 1, 0)) -> 0
...

Sheet Enumerators
A1: Submitted Surveys
C2: 2022-01-11 | D2: 2022-01-12 | E2: 2022-01-13 | F2: 2022-01-14 | G2: 2022-01-15 | H2: 2022-01-16 | I2: 2022-01-17 | J2: 2022-01-18 | K2: 2022-01-19 | L2: 2022-01-20 | M2: 2022-01-21 | N2: 2022-01-22 | O2: 2022-01-23 | P2: 2022-01-24 | Q2: 2022-01-25 | R2: 2022-01-26 | S2: 2022-01-27 | T2: 2022-01-28
A3: Imarane Issa Rabo | B3: Screening & HHH | C3: =IFERROR(__xludf.DUMMYFUNCTION("COUNTIFS(IMPORTRANGE('Survey Progress'!$B$32, ""data!$B$2:$B$800""), ""=""&$A3, IMPORTRANGE('Survey Progress'!$B$32, ""data!$S$2:$S$800""), ""*""&C$2&""*"")"),0.0) -> 0 | D3: =IFERROR(__xludf.DUMMYFUNCTION("COUNTIFS(IMPORTRANGE('Survey Progress'!$B$32, ""data!$B$2:$B$800""), ""=""&$A3, IMPORTRANGE('Survey Progress'!$B$32, ""data!$S$2:$S$800""), ""*""&D$2&""*"")"),0.0) -> 0 | E3: =IFERROR(__xludf.DUMMYFUNCTION("COUNTIFS(IMPORTRANGE('Survey Progress'!$B$32, ""data!$B$2:$B$800""), ""=""&$A3, IMPORTRANGE('Survey Progress'!$B$32, ""data!$S$2:$S$800""), ""*""&E$2&""*"")"),0.0) -> 0 | F3: =IFERROR(__xludf.DUMMYFUNCTION("COUNTIFS(IMPORTRANGE('Survey Progress'!$B$32, ""data!$B$2:$B$800""), ""=""&$A3, IMPORTRANGE('Survey Progress'!$B$32, ""data!$S$2:$S$800""), ""*""&F$2&""*"")"),0.0) -> 0 | G3: =IFERROR(__xludf.DUMMYFUNCTION("COUNTIFS(IMPORTRANGE('Survey Progress'!$B$32, ""data!$B$2:$B$800""), ""=""&$A3, IMPORTRANGE('Survey Progress'!$B$32, ""data!$S$2:$S$800""), ""*""&G$2&""*"")"),0.0) -> 0 | H3: =IFERROR(__xludf.DUMMYFUNCTION("COUNTIFS(IMPORTRANGE('Survey Progress'!$B$32, ""data!$B$2:$B$800""), ""=""&$A3, IMPORTRANGE('Survey Progress'!$B$32, ""data!$S$2:$S$800""), ""*""&H$2&""*"")"),0.0) -> 0 | I3: =IFERROR(__xludf.DUMMYFUNCTION("COUNTIFS(IMPORTRANGE('Survey Progress'!$B$32, ""data!$B$2:$B$800""), ""=""&$A3, IMPORTRANGE('Survey Progress'!$B$32, ""data!$S$2:$S$800""), ""*""&I$2&""*"")"),0.0) -> 0 | J3: =IFERROR(__xludf.DUMMYFUNCTION("COUNTIFS(IMPORTRANGE('Survey Progress'!$B$32, ""data!$B$2:$B$800""), ""=""&$A3, IMPORTRANGE('Survey Progress'!$B$32, ""data!$S$2:$S$800""), ""*""&J$2&""*"")"),0.0) -> 0 | K3: =IFERROR(__xludf.DUMMYFUNCTION("COUNTIFS(IMPORTRANGE('Survey Progress'!$B$32, ""data!$B$2:$B$800""), ""=""&$A3, IMPORTRANGE('Survey Progress'!$B$32, ""data!$S$2:$S$800""), ""*""&K$2&""*"")"),0.0) -> 0 | L3: =IFERROR(__xludf.DUMMYFUNCTION("COUNTIFS(IMPORTRANGE('Survey Progress'!$B$32, ""data!$B$2:$B$800""), ""=""&$A3, IMPORTRANGE('Survey Progress'!$B$32, ""data!$S$2:$S$800""), ""*""&L$2&""*"")"),0.0) -> 0 | M3: =IFERROR(__xludf.DUMMYFUNCTION("COUNTIFS(IMPORTRANGE('Survey Progress'!$B$32, ""data!$B$2:$B$800""), ""=""&$A3, IMPORTRANGE('Survey Progress'!$B$32, ""data!$S$2:$S$800""), ""*""&M$2&""*"")"),0.0) -> 0 | N3: =IFERROR(__xludf.DUMMYFUNCTION("COUNTIFS(IMPORTRANGE('Survey Progress'!$B$32, ""data!$B$2:$B$800""), ""=""&$A3, IMPORTRANGE('Survey Progress'!$B$32, ""data!$S$2:$S$800""), ""*""&N$2&""*"")"),0.0) -> 0 | O3: =IFERROR(__xludf.DUMMYFUNCTION("COUNTIFS(IMPORTRANGE('Survey Progress'!$B$32, ""data!$B$2:$B$800""), ""=""&$A3, IMPORTRANGE('Survey Progress'!$B$32, ""data!$S$2:$S$800""), ""*""&O$2&""*"")"),0.0) -> 0 | P3: =IFERROR(__xludf.DUMMYFUNCTION("COUNTIFS(IMPORTRANGE('Survey Progress'!$B$32, ""data!$B$2:$B$800""), ""=""&$A3, IMPORTRANGE('Survey Progress'!$B$32, ""data!$S$2:$S$800""), ""*""&P$2&""*"")"),0.0) -> 0 | Q3: =IFERROR(__xludf.DUMMYFUNCTION("COUNTIFS(IMPORTRANGE('Survey Progress'!$B$32, ""data!$B$2:$B$800""), ""=""&$A3, IMPORTRANGE('Survey Progress'!$B$32, ""data!$S$2:$S$800""), ""*""&Q$2&""*"")"),0.0) -> 0 | R3: =IFERROR(__xludf.DUMMYFUNCTION("COUNTIFS(IMPORTRANGE('Survey Progress'!$B$32, ""data!$B$2:$B$800""), ""=""&$A3, IMPORTRANGE('Survey Progress'!$B$32, ""data!$S$2:$S$800""), ""*""&R$2&""*"")"),0.0) -> 0 | S3: =IFERROR(__xludf.DUMMYFUNCTION("COUNTIFS(IMPORTRANGE('Survey Progress'!$B$32, ""data!$B$2:$B$800""), ""=""&$A3, IMPORTRANGE('Survey Progress'!$B$32, ""data!$S$2:$S$800""), ""*""&S$2&""*"")"),0.0) -> 0 | T3: =IFERROR(__xludf.DUMMYFUNCTION("COUNTIFS(IMPORTRANGE('Survey Progress'!$B$32, ""data!$B$2:$B$800""), ""=""&$A3, IMPORTRANGE('Survey Progress'!$B$32, ""data!$S$2:$S$800""), ""*""&T$2&""*"")"),0.0) -> 0
A4: Imarane Issa Rabo | B4: PM | C4: =IFERROR(__xludf.DUMMYFUNCTION("COUNTIFS(IMPORTRANGE('Survey Progress'!$B$33, ""data!B2:B800""), ""=""&$A4, IMPORTRANGE('Survey Progress'!$B$33, ""data!O2:O800""), ""*""&C$2&""*"")"),0.0) -> 0 | D4: =IFERROR(__xludf.DUMMYFUNCTION("COUNTIFS(IMPORTRANGE('Survey Progress'!$B$33, ""data!B2:B800""), ""=""&$A4, IMPORTRANGE('Survey Progress'!$B$33, ""data!O2:O800""), ""*""&D$2&""*"")"),0.0) -> 0 | E4: =IFERROR(__xludf.DUMMYFUNCTION("COUNTIFS(IMPORTRANGE('Survey Progress'!$B$33, ""data!B2:B800""), ""=""&$A4, IMPORTRANGE('Survey Progress'!$B$33, ""data!O2:O800""), ""*""&E$2&""*"")"),0.0) -> 0 | F4: =IFERROR(__xludf.DUMMYFUNCTION("COUNTIFS(IMPORTRANGE('Survey Progress'!$B$33, ""data!B2:B800""), ""=""&$A4, IMPORTRANGE('Survey Progress'!$B$33, ""data!O2:O800""), ""*""&F$2&""*"")"),0.0) -> 0 | G4: =IFERROR(__xludf.DUMMYFUNCTION("COUNTIFS(IMPORTRANGE('Survey Progress'!$B$33, ""data!B2:B800""), ""=""&$A4, IMPORTRANGE('Survey Progress'!$B$33, ""data!O2:O800""), ""*""&G$2&""*"")"),0.0) -> 0 | H4: =IFERROR(__xludf.DUMMYFUNCTION("COUNTIFS(IMPORTRANGE('Survey Progress'!$B$33, ""data!B2:B800""), ""=""&$A4, IMPORTRANGE('Survey Progress'!$B$33, ""data!O2:O800""), ""*""&H$2&""*"")"),0.0) -> 0 | I4: =IFERROR(__xludf.DUMMYFUNCTION("COUNTIFS(IMPORTRANGE('Survey Progress'!$B$33, ""data!B2:B800""), ""=""&$A4, IMPORTRANGE('Survey Progress'!$B$33, ""data!O2:O800""), ""*""&I$2&""*"")"),0.0) -> 0 | J4: =IFERROR(__xludf.DUMMYFUNCTION("COUNTIFS(IMPORTRANGE('Survey Progress'!$B$33, ""data!B2:B800""), ""=""&$A4, IMPORTRANGE('Survey Progress'!$B$33, ""data!O2:O800""), ""*""&J$2&""*"")"),0.0) -> 0 | K4: =IFERROR(__xludf.DUMMYFUNCTION("COUNTIFS(IMPORTRANGE('Survey Progress'!$B$33, ""data!B2:B800""), ""=""&$A4, IMPORTRANGE('Survey Progress'!$B$33, ""data!O2:O800""), ""*""&K$2&""*"")"),0.0) -> 0 | L4: =IFERROR(__xludf.DUMMYFUNCTION("COUNTIFS(IMPORTRANGE('Survey Progress'!$B$33, ""data!B2:B800""), ""=""&$A4, IMPORTRANGE('Survey Progress'!$B$33, ""data!O2:O800""), ""*""&L$2&""*"")"),0.0) -> 0 | M4: =IFERROR(__xludf.DUMMYFUNCTION("COUNTIFS(IMPORTRANGE('Survey Progress'!$B$33, ""data!B2:B800""), ""=""&$A4, IMPORTRANGE('Survey Progress'!$B$33, ""data!O2:O800""), ""*""&M$2&""*"")"),0.0) -> 0 | N4: =IFERROR(__xludf.DUMMYFUNCTION("COUNTIFS(IMPORTRANGE('Survey Progress'!$B$33, ""data!B2:B800""), ""=""&$A4, IMPORTRANGE('Survey Progress'!$B$33, ""data!O2:O800""), ""*""&N$2&""*"")"),0.0) -> 0 | O4: =IFERROR(__xludf.DUMMYFUNCTION("COUNTIFS(IMPORTRANGE('Survey Progress'!$B$33, ""data!B2:B800""), ""=""&$A4, IMPORTRANGE('Survey Progress'!$B$33, ""data!O2:O800""), ""*""&O$2&""*"")"),0.0) -> 0 | P4: =IFERROR(__xludf.DUMMYFUNCTION("COUNTIFS(IMPORTRANGE('Survey Progress'!$B$33, ""data!B2:B800""), ""=""&$A4, IMPORTRANGE('Survey Progress'!$B$33, ""data!O2:O800""), ""*""&P$2&""*"")"),0.0) -> 0 | Q4: =IFERROR(__xludf.DUMMYFUNCTION("COUNTIFS(IMPORTRANGE('Survey Progress'!$B$33, ""data!B2:B800""), ""=""&$A4, IMPORTRANGE('Survey Progress'!$B$33, ""data!O2:O800""), ""*""&Q$2&""*"")"),0.0) -> 0 | R4: =IFERROR(__xludf.DUMMYFUNCTION("COUNTIFS(IMPORTRANGE('Survey Progress'!$B$33, ""data!B2:B800""), ""=""&$A4, IMPORTRANGE('Survey Progress'!$B$33, ""data!O2:O800""), ""*""&R$2&""*"")"),0.0) -> 0 | S4: =IFERROR(__xludf.DUMMYFUNCTION("COUNTIFS(IMPORTRANGE('Survey Progress'!$B$33, ""data!B2:B800""), ""=""&$A4, IMPORTRANGE('Survey Progress'!$B$33, ""data!O2:O800""), ""*""&S$2&""*"")"),0.0) -> 0 | T4: =IFERROR(__xludf.DUMMYFUNCTION("COUNTIFS(IMPORTRANGE('Survey Progress'!$B$33, ""data!B2:B800""), ""=""&$A4, IMPORTRANGE('Survey Progress'!$B$33, ""data!O2:O800""), ""*""&T$2&""*"")"),0.0) -> 0
A5: Imarane Issa Rabo | B5: Woman | C5: =IFERROR(__xludf.DUMMYFUNCTION("COUNTIFS(IMPORTRANGE('Survey Progress'!$B$34, ""data!B2:B800""), ""=""&$A5, IMPORTRANGE('Survey Progress'!$B$34, ""data!O2:O800""), ""*""&C$2&""*"")"),0.0) -> 0 | D5: =IFERROR(__xludf.DUMMYFUNCTION("COUNTIFS(IMPORTRANGE('Survey Progress'!$B$34, ""data!B2:B800""), ""=""&$A5, IMPORTRANGE('Survey Progress'!$B$34, ""data!O2:O800""), ""*""&D$2&""*"")"),0.0) -> 0 | E5: =IFERROR(__xludf.DUMMYFUNCTION("COUNTIFS(IMPORTRANGE('Survey Progress'!$B$34, ""data!B2:B800""), ""=""&$A5, IMPORTRANGE('Survey Progress'!$B$34, ""data!O2:O800""), ""*""&E$2&""*"")"),0.0) -> 0 | F5: =IFERROR(__xludf.DUMMYFUNCTION("COUNTIFS(IMPORTRANGE('Survey Progress'!$B$34, ""data!B2:B800""), ""=""&$A5, IMPORTRANGE('Survey Progress'!$B$34, ""data!O2:O800""), ""*""&F$2&""*"")"),0.0) -> 0 | G5: =IFERROR(__xludf.DUMMYFUNCTION("COUNTIFS(IMPORTRANGE('Survey Progress'!$B$34, ""data!B2:B800""), ""=""&$A5, IMPORTRANGE('Survey Progress'!$B$34, ""data!O2:O800""), ""*""&G$2&""*"")"),0.0) -> 0 | H5: =IFERROR(__xludf.DUMMYFUNCTION("COUNTIFS(IMPORTRANGE('Survey Progress'!$B$34, ""data!B2:B800""), ""=""&$A5, IMPORTRANGE('Survey Progress'!$B$34, ""data!O2:O800""), ""*""&H$2&""*"")"),0.0) -> 0 | I5: =IFERROR(__xludf.DUMMYFUNCTION("COUNTIFS(IMPORTRANGE('Survey Progress'!$B$34, ""data!B2:B800""), ""=""&$A5, IMPORTRANGE('Survey Progress'!$B$34, ""data!O2:O800""), ""*""&I$2&""*"")"),0.0) -> 0 | J5: =IFERROR(__xludf.DUMMYFUNCTION("COUNTIFS(IMPORTRANGE('Survey Progress'!$B$34, ""data!B2:B800""), ""=""&$A5, IMPORTRANGE('Survey Progress'!$B$34, ""data!O2:O800""), ""*""&J$2&""*"")"),0.0) -> 0 | K5: =IFERROR(__xludf.DUMMYFUNCTION("COUNTIFS(IMPORTRANGE('Survey Progress'!$B$34, ""data!B2:B800""), ""=""&$A5, IMPORTRANGE('Survey Progress'!$B$34, ""data!O2:O800""), ""*""&K$2&""*"")"),0.0) -> 0 | L5: =IFERROR(__xludf.DUMMYFUNCTION("COUNTIFS(IMPORTRANGE('Survey Progress'!$B$34, ""data!B2:B800""), ""=""&$A5, IMPORTRANGE('Survey Progress'!$B$34, ""data!O2:O800""), ""*""&L$2&""*"")"),0.0) -> 0 | M5: =IFERROR(__xludf.DUMMYFUNCTION("COUNTIFS(IMPORTRANGE('Survey Progress'!$B$34, ""data!B2:B800""), ""=""&$A5, IMPORTRANGE('Survey Progress'!$B$34, ""data!O2:O800""), ""*""&M$2&""*"")"),0.0) -> 0 | N5: =IFERROR(__xludf.DUMMYFUNCTION("COUNTIFS(IMPORTRANGE('Survey Progress'!$B$34, ""data!B2:B800""), ""=""&$A5, IMPORTRANGE('Survey Progress'!$B$34, ""data!O2:O800""), ""*""&N$2&""*"")"),0.0) -> 0 | O5: =IFERROR(__xludf.DUMMYFUNCTION("COUNTIFS(IMPORTRANGE('Survey Progress'!$B$34, ""data!B2:B800""), ""=""&$A5, IMPORTRANGE('Survey Progress'!$B$34, ""data!O2:O800""), ""*""&O$2&""*"")"),0.0) -> 0 | P5: =IFERROR(__xludf.DUMMYFUNCTION("COUNTIFS(IMPORTRANGE('Survey Progress'!$B$34, ""data!B2:B800""), ""=""&$A5, IMPORTRANGE('Survey Progress'!$B$34, ""data!O2:O800""), ""*""&P$2&""*"")"),0.0) -> 0 | Q5: =IFERROR(__xludf.DUMMYFUNCTION("COUNTIFS(IMPORTRANGE('Survey Progress'!$B$34, ""data!B2:B800""), ""=""&$A5, IMPORTRANGE('Survey Progress'!$B$34, ""data!O2:O800""), ""*""&Q$2&""*"")"),0.0) -> 0 | R5: =IFERROR(__xludf.DUMMYFUNCTION("COUNTIFS(IMPORTRANGE('Survey Progress'!$B$34, ""data!B2:B800""), ""=""&$A5, IMPORTRANGE('Survey Progress'!$B$34, ""data!O2:O800""), ""*""&R$2&""*"")"),0.0) -> 0 | S5: =IFERROR(__xludf.DUMMYFUNCTION("COUNTIFS(IMPORTRANGE('Survey Progress'!$B$34, ""data!B2:B800""), ""=""&$A5, IMPORTRANGE('Survey Progress'!$B$34, ""data!O2:O800""), ""*""&S$2&""*"")"),0.0) -> 0 | T5: =IFERROR(__xludf.DUMMYFUNCTION("COUNTIFS(IMPORTRANGE('Survey Progress'!$B$34, ""data!B2:B800""), ""=""&$A5, IMPORTRANGE('Survey Progress'!$B$34, ""data!O2:O800""), ""*""&T$2&""*"")"),0.0) -> 0
A6: Gado Abdoul Aziz | B6: Screening & HHH | C6: =IFERROR(__xludf.DUMMYFUNCTION("COUNTIFS(IMPORTRANGE('Survey Progress'!$B$32, ""data!$B$2:$B$800""), ""=""&$A6, IMPORTRANGE('Survey Progress'!$B$32, ""data!$S$2:$S$800""), ""*""&C$2&""*"")"),0.0) -> 0 | D6: =IFERROR(__xludf.DUMMYFUNCTION("COUNTIFS(IMPORTRANGE('Survey Progress'!$B$32, ""data!$B$2:$B$800""), ""=""&$A6, IMPORTRANGE('Survey Progress'!$B$32, ""data!$S$2:$S$800""), ""*""&D$2&""*"")"),0.0) -> 0 | E6: =IFERROR(__xludf.DUMMYFUNCTION("COUNTIFS(IMPORTRANGE('Survey Progress'!$B$32, ""data!$B$2:$B$800""), ""=""&$A6, IMPORTRANGE('Survey Progress'!$B$32, ""data!$S$2:$S$800""), ""*""&E$2&""*"")"),0.0) -> 0 | F6: =IFERROR(__xludf.DUMMYFUNCTION("COUNTIFS(IMPORTRANGE('Survey Progress'!$B$32, ""data!$B$2:$B$800""), ""=""&$A6, IMPORTRANGE('Survey Progress'!$B$32, ""data!$S$2:$S$800""), ""*""&F$2&""*"")"),0.0) -> 0 | G6: =IFERROR(__xludf.DUMMYFUNCTION("COUNTIFS(IMPORTRANGE('Survey Progress'!$B$32, ""data!$B$2:$B$800""), ""=""&$A6, IMPORTRANGE('Survey Progress'!$B$32, ""data!$S$2:$S$800""), ""*""&G$2&""*"")"),0.0) -> 0 | H6: =IFERROR(__xludf.DUMMYFUNCTION("COUNTIFS(IMPORTRANGE('Survey Progress'!$B$32, ""data!$B$2:$B$800""), ""=""&$A6, IMPORTRANGE('Survey Progress'!$B$32, ""data!$S$2:$S$800""), ""*""&H$2&""*"")"),0.0) -> 0 | I6: =IFERROR(__xludf.DUMMYFUNCTION("COUNTIFS(IMPORTRANGE('Survey Progress'!$B$32, ""data!$B$2:$B$800""), ""=""&$A6, IMPORTRANGE('Survey Progress'!$B$32, ""data!$S$2:$S$800""), ""*""&I$2&""*"")"),0.0) -> 0 | J6: =IFERROR(__xludf.DUMMYFUNCTION("COUNTIFS(IMPORTRANGE('Survey Progress'!$B$32, ""data!$B$2:$B$800""), ""=""&$A6, IMPORTRANGE('Survey Progress'!$B$32, ""data!$S$2:$S$800""), ""*""&J$2&""*"")"),0.0) -> 0 | K6: =IFERROR(__xludf.DUMMYFUNCTION("COUNTIFS(IMPORTRANGE('Survey Progress'!$B$32, ""data!$B$2:$B$800""), ""=""&$A6, IMPORTRANGE('Survey Progress'!$B$32, ""data!$S$2:$S$800""), ""*""&K$2&""*"")"),0.0) -> 0 | L6: =IFERROR(__xludf.DUMMYFUNCTION("COUNTIFS(IMPORTRANGE('Survey Progress'!$B$32, ""data!$B$2:$B$800""), ""=""&$A6, IMPORTRANGE('Survey Progress'!$B$32, ""data!$S$2:$S$800""), ""*""&L$2&""*"")"),0.0) -> 0 | M6: =IFERROR(__xludf.DUMMYFUNCTION("COUNTIFS(IMPORTRANGE('Survey Progress'!$B$32, ""data!$B$2:$B$800""), ""=""&$A6, IMPORTRANGE('Survey Progress'!$B$32, ""data!$S$2:$S$800""), ""*""&M$2&""*"")"),0.0) -> 0 | N6: =IFERROR(__xludf.DUMMYFUNCTION("COUNTIFS(IMPORTRANGE('Survey Progress'!$B$32, ""data!$B$2:$B$800""), ""=""&$A6, IMPORTRANGE('Survey Progress'!$B$32, ""data!$S$2:$S$800""), ""*""&N$2&""*"")"),0.0) -> 0 | O6: =IFERROR(__xludf.DUMMYFUNCTION("COUNTIFS(IMPORTRANGE('Survey Progress'!$B$32, ""data!$B$2:$B$800""), ""=""&$A6, IMPORTRANGE('Survey Progress'!$B$32, ""data!$S$2:$S$800""), ""*""&O$2&""*"")"),0.0) -> 0 | P6: =IFERROR(__xludf.DUMMYFUNCTION("COUNTIFS(IMPORTRANGE('Survey Progress'!$B$32, ""data!$B$2:$B$800""), ""=""&$A6, IMPORTRANGE('Survey Progress'!$B$32, ""data!$S$2:$S$800""), ""*""&P$2&""*"")"),0.0) -> 0 | Q6: =IFERROR(__xludf.DUMMYFUNCTION("COUNTIFS(IMPORTRANGE('Survey Progress'!$B$32, ""data!$B$2:$B$800""), ""=""&$A6, IMPORTRANGE('Survey Progress'!$B$32, ""data!$S$2:$S$800""), ""*""&Q$2&""*"")"),0.0) -> 0 | R6: =IFERROR(__xludf.DUMMYFUNCTION("COUNTIFS(IMPORTRANGE('Survey Progress'!$B$32, ""data!$B$2:$B$800""), ""=""&$A6, IMPORTRANGE('Survey Progress'!$B$32, ""data!$S$2:$S$800""), ""*""&R$2&""*"")"),0.0) -> 0 | S6: =IFERROR(__xludf.DUMMYFUNCTION("COUNTIFS(IMPORTRANGE('Survey Progress'!$B$32, ""data!$B$2:$B$800""), ""=""&$A6, IMPORTRANGE('Survey Progress'!$B$32, ""data!$S$2:$S$800""), ""*""&S$2&""*"")"),0.0) -> 0 | T6: =IFERROR(__xludf.DUMMYFUNCTION("COUNTIFS(IMPORTRANGE('Survey Progress'!$B$32, ""data!$B$2:$B$800""), ""=""&$A6, IMPORTRANGE('Survey Progress'!$B$32, ""data!$S$2:$S$800""), ""*""&T$2&""*"")"),0.0) -> 0
A7: Gado Abdoul Aziz | B7: PM | C7: =IFERROR(__xludf.DUMMYFUNCTION("COUNTIFS(IMPORTRANGE('Survey Progress'!$B$33, ""data!B2:B800""), ""=""&$A7, IMPORTRANGE('Survey Progress'!$B$33, ""data!O2:O800""), ""*""&C$2&""*"")"),0.0) -> 0 | D7: =IFERROR(__xludf.DUMMYFUNCTION("COUNTIFS(IMPORTRANGE('Survey Progress'!$B$33, ""data!B2:B800""), ""=""&$A7, IMPORTRANGE('Survey Progress'!$B$33, ""data!O2:O800""), ""*""&D$2&""*"")"),0.0) -> 0 | E7: =IFERROR(__xludf.DUMMYFUNCTION("COUNTIFS(IMPORTRANGE('Survey Progress'!$B$33, ""data!B2:B800""), ""=""&$A7, IMPORTRANGE('Survey Progress'!$B$33, ""data!O2:O800""), ""*""&E$2&""*"")"),0.0) -> 0 | F7: =IFERROR(__xludf.DUMMYFUNCTION("COUNTIFS(IMPORTRANGE('Survey Progress'!$B$33, ""data!B2:B800""), ""=""&$A7, IMPORTRANGE('Survey Progress'!$B$33, ""data!O2:O800""), ""*""&F$2&""*"")"),0.0) -> 0 | G7: =IFERROR(__xludf.DUMMYFUNCTION("COUNTIFS(IMPORTRANGE('Survey Progress'!$B$33, ""data!B2:B800""), ""=""&$A7, IMPORTRANGE('Survey Progress'!$B$33, ""data!O2:O800""), ""*""&G$2&""*"")"),0.0) -> 0 | H7: =IFERROR(__xludf.DUMMYFUNCTION("COUNTIFS(IMPORTRANGE('Survey Progress'!$B$33, ""data!B2:B800""), ""=""&$A7, IMPORTRANGE('Survey Progress'!$B$33, ""data!O2:O800""), ""*""&H$2&""*"")"),0.0) -> 0 | I7: =IFERROR(__xludf.DUMMYFUNCTION("COUNTIFS(IMPORTRANGE('Survey Progress'!$B$33, ""data!B2:B800""), ""=""&$A7, IMPORTRANGE('Survey Progress'!$B$33, ""data!O2:O800""), ""*""&I$2&""*"")"),0.0) -> 0 | J7: =IFERROR(__xludf.DUMMYFUNCTION("COUNTIFS(IMPORTRANGE('Survey Progress'!$B$33, ""data!B2:B800""), ""=""&$A7, IMPORTRANGE('Survey Progress'!$B$33, ""data!O2:O800""), ""*""&J$2&""*"")"),0.0) -> 0 | K7: =IFERROR(__xludf.DUMMYFUNCTION("COUNTIFS(IMPORTRANGE('Survey Progress'!$B$33, ""data!B2:B800""), ""=""&$A7, IMPORTRANGE('Survey Progress'!$B$33, ""data!O2:O800""), ""*""&K$2&""*"")"),0.0) -> 0 | L7: =IFERROR(__xludf.DUMMYFUNCTION("COUNTIFS(IMPORTRANGE('Survey Progress'!$B$33, ""data!B2:B800""), ""=""&$A7, IMPORTRANGE('Survey Progress'!$B$33, ""data!O2:O800""), ""*""&L$2&""*"")"),0.0) -> 0 | M7: =IFERROR(__xludf.DUMMYFUNCTION("COUNTIFS(IMPORTRANGE('Survey Progress'!$B$33, ""data!B2:B800""), ""=""&$A7, IMPORTRANGE('Survey Progress'!$B$33, ""data!O2:O800""), ""*""&M$2&""*"")"),0.0) -> 0 | N7: =IFERROR(__xludf.DUMMYFUNCTION("COUNTIFS(IMPORTRANGE('Survey Progress'!$B$33, ""data!B2:B800""), ""=""&$A7, IMPORTRANGE('Survey Progress'!$B$33, ""data!O2:O800""), ""*""&N$2&""*"")"),0.0) -> 0 | O7: =IFERROR(__xludf.DUMMYFUNCTION("COUNTIFS(IMPORTRANGE('Survey Progress'!$B$33, ""data!B2:B800""), ""=""&$A7, IMPORTRANGE('Survey Progress'!$B$33, ""data!O2:O800""), ""*""&O$2&""*"")"),0.0) -> 0 | P7: =IFERROR(__xludf.DUMMYFUNCTION("COUNTIFS(IMPORTRANGE('Survey Progress'!$B$33, ""data!B2:B800""), ""=""&$A7, IMPORTRANGE('Survey Progress'!$B$33, ""data!O2:O800""), ""*""&P$2&""*"")"),0.0) -> 0 | Q7: =IFERROR(__xludf.DUMMYFUNCTION("COUNTIFS(IMPORTRANGE('Survey Progress'!$B$33, ""data!B2:B800""), ""=""&$A7, IMPORTRANGE('Survey Progress'!$B$33, ""data!O2:O800""), ""*""&Q$2&""*"")"),0.0) -> 0 | R7: =IFERROR(__xludf.DUMMYFUNCTION("COUNTIFS(IMPORTRANGE('Survey Progress'!$B$33, ""data!B2:B800""), ""=""&$A7, IMPORTRANGE('Survey Progress'!$B$33, ""data!O2:O800""), ""*""&R$2&""*"")"),0.0) -> 0 | S7: =IFERROR(__xludf.DUMMYFUNCTION("COUNTIFS(IMPORTRANGE('Survey Progress'!$B$33, ""data!B2:B800""), ""=""&$A7, IMPORTRANGE('Survey Progress'!$B$33, ""data!O2:O800""), ""*""&S$2&""*"")"),0.0) -> 0 | T7: =IFERROR(__xludf.DUMMYFUNCTION("COUNTIFS(IMPORTRANGE('Survey Progress'!$B$33, ""data!B2:B800""), ""=""&$A7, IMPORTRANGE('Survey Progress'!$B$33, ""data!O2:O800""), ""*""&T$2&""*"")"),0.0) -> 0
A8: Gado Abdoul Aziz | B8: Woman | C8: =IFERROR(__xludf.DUMMYFUNCTION("COUNTIFS(IMPORTRANGE('Survey Progress'!$B$34, ""data!B2:B800""), ""=""&$A8, IMPORTRANGE('Survey Progress'!$B$34, ""data!O2:O800""), ""*""&C$2&""*"")"),0.0) -> 0 | D8: =IFERROR(__xludf.DUMMYFUNCTION("COUNTIFS(IMPORTRANGE('Survey Progress'!$B$34, ""data!B2:B800""), ""=""&$A8, IMPORTRANGE('Survey Progress'!$B$34, ""data!O2:O800""), ""*""&D$2&""*"")"),0.0) -> 0 | E8: =IFERROR(__xludf.DUMMYFUNCTION("COUNTIFS(IMPORTRANGE('Survey Progress'!$B$34, ""data!B2:B800""), ""=""&$A8, IMPORTRANGE('Survey Progress'!$B$34, ""data!O2:O800""), ""*""&E$2&""*"")"),0.0) -> 0 | F8: =IFERROR(__xludf.DUMMYFUNCTION("COUNTIFS(IMPORTRANGE('Survey Progress'!$B$34, ""data!B2:B800""), ""=""&$A8, IMPORTRANGE('Survey Progress'!$B$34, ""data!O2:O800""), ""*""&F$2&""*"")"),0.0) -> 0 | G8: =IFERROR(__xludf.DUMMYFUNCTION("COUNTIFS(IMPORTRANGE('Survey Progress'!$B$34, ""data!B2:B800""), ""=""&$A8, IMPORTRANGE('Survey Progress'!$B$34, ""data!O2:O800""), ""*""&G$2&""*"")"),0.0) -> 0 | H8: =IFERROR(__xludf.DUMMYFUNCTION("COUNTIFS(IMPORTRANGE('Survey Progress'!$B$34, ""data!B2:B800""), ""=""&$A8, IMPORTRANGE('Survey Progress'!$B$34, ""data!O2:O800""), ""*""&H$2&""*"")"),0.0) -> 0 | I8: =IFERROR(__xludf.DUMMYFUNCTION("COUNTIFS(IMPORTRANGE('Survey Progress'!$B$34, ""data!B2:B800""), ""=""&$A8, IMPORTRANGE('Survey Progress'!$B$34, ""data!O2:O800""), ""*""&I$2&""*"")"),0.0) -> 0 | J8: =IFERROR(__xludf.DUMMYFUNCTION("COUNTIFS(IMPORTRANGE('Survey Progress'!$B$34, ""data!B2:B800""), ""=""&$A8, IMPORTRANGE('Survey Progress'!$B$34, ""data!O2:O800""), ""*""&J$2&""*"")"),0.0) -> 0 | K8: =IFERROR(__xludf.DUMMYFUNCTION("COUNTIFS(IMPORTRANGE('Survey Progress'!$B$34, ""data!B2:B800""), ""=""&$A8, IMPORTRANGE('Survey Progress'!$B$34, ""data!O2:O800""), ""*""&K$2&""*"")"),0.0) -> 0 | L8: =IFERROR(__xludf.DUMMYFUNCTION("COUNTIFS(IMPORTRANGE('Survey Progress'!$B$34, ""data!B2:B800""), ""=""&$A8, IMPORTRANGE('Survey Progress'!$B$34, ""data!O2:O800""), ""*""&L$2&""*"")"),0.0) -> 0 | M8: =IFERROR(__xludf.DUMMYFUNCTION("COUNTIFS(IMPORTRANGE('Survey Progress'!$B$34, ""data!B2:B800""), ""=""&$A8, IMPORTRANGE('Survey Progress'!$B$34, ""data!O2:O800""), ""*""&M$2&""*"")"),0.0) -> 0 | N8: =IFERROR(__xludf.DUMMYFUNCTION("COUNTIFS(IMPORTRANGE('Survey Progress'!$B$34, ""data!B2:B800""), ""=""&$A8, IMPORTRANGE('Survey Progress'!$B$34, ""data!O2:O800""), ""*""&N$2&""*"")"),0.0) -> 0 | O8: =IFERROR(__xludf.DUMMYFUNCTION("COUNTIFS(IMPORTRANGE('Survey Progress'!$B$34, ""data!B2:B800""), ""=""&$A8, IMPORTRANGE('Survey Progress'!$B$34, ""data!O2:O800""), ""*""&O$2&""*"")"),0.0) -> 0 | P8: =IFERROR(__xludf.DUMMYFUNCTION("COUNTIFS(IMPORTRANGE('Survey Progress'!$B$34, ""data!B2:B800""), ""=""&$A8, IMPORTRANGE('Survey Progress'!$B$34, ""data!O2:O800""), ""*""&P$2&""*"")"),0.0) -> 0 | Q8: =IFERROR(__xludf.DUMMYFUNCTION("COUNTIFS(IMPORTRANGE('Survey Progress'!$B$34, ""data!B2:B800""), ""=""&$A8, IMPORTRANGE('Survey Progress'!$B$34, ""data!O2:O800""), ""*""&Q$2&""*"")"),0.0) -> 0 | R8: =IFERROR(__xludf.DUMMYFUNCTION("COUNTIFS(IMPORTRANGE('Survey Progress'!$B$34, ""data!B2:B800""), ""=""&$A8, IMPORTRANGE('Survey Progress'!$B$34, ""data!O2:O800""), ""*""&R$2&""*"")"),0.0) -> 0 | S8: =IFERROR(__xludf.DUMMYFUNCTION("COUNTIFS(IMPORTRANGE('Survey Progress'!$B$34, ""data!B2:B800""), ""=""&$A8, IMPORTRANGE('Survey Progress'!$B$34, ""data!O2:O800""), ""*""&S$2&""*"")"),0.0) -> 0 | T8: =IFERROR(__xludf.DUMMYFUNCTION("COUNTIFS(IMPORTRANGE('Survey Progress'!$B$34, ""data!B2:B800""), ""=""&$A8, IMPORTRANGE('Survey Progress'!$B$34, ""data!O2:O800""), ""*""&T$2&""*"")"),0.0) -> 0
A9: Ngoua Madou | B9: Screening & HHH | C9: =IFERROR(__xludf.DUMMYFUNCTION("COUNTIFS(IMPORTRANGE('Survey Progress'!$B$32, ""data!$B$2:$B$800""), ""=""&$A9, IMPORTRANGE('Survey Progress'!$B$32, ""data!$S$2:$S$800""), ""*""&C$2&""*"")"),0.0) -> 0 | D9: =IFERROR(__xludf.DUMMYFUNCTION("COUNTIFS(IMPORTRANGE('Survey Progress'!$B$32, ""data!$B$2:$B$800""), ""=""&$A9, IMPORTRANGE('Survey Progress'!$B$32, ""data!$S$2:$S$800""), ""*""&D$2&""*"")"),0.0) -> 0 | E9: =IFERROR(__xludf.DUMMYFUNCTION("COUNTIFS(IMPORTRANGE('Survey Progress'!$B$32, ""data!$B$2:$B$800""), ""=""&$A9, IMPORTRANGE('Survey Progress'!$B$32, ""data!$S$2:$S$800""), ""*""&E$2&""*"")"),0.0) -> 0 | F9: =IFERROR(__xludf.DUMMYFUNCTION("COUNTIFS(IMPORTRANGE('Survey Progress'!$B$32, ""data!$B$2:$B$800""), ""=""&$A9, IMPORTRANGE('Survey Progress'!$B$32, ""data!$S$2:$S$800""), ""*""&F$2&""*"")"),0.0) -> 0 | G9: =IFERROR(__xludf.DUMMYFUNCTION("COUNTIFS(IMPORTRANGE('Survey Progress'!$B$32, ""data!$B$2:$B$800""), ""=""&$A9, IMPORTRANGE('Survey Progress'!$B$32, ""data!$S$2:$S$800""), ""*""&G$2&""*"")"),0.0) -> 0 | H9: =IFERROR(__xludf.DUMMYFUNCTION("COUNTIFS(IMPORTRANGE('Survey Progress'!$B$32, ""data!$B$2:$B$800""), ""=""&$A9, IMPORTRANGE('Survey Progress'!$B$32, ""data!$S$2:$S$800""), ""*""&H$2&""*"")"),0.0) -> 0 | I9: =IFERROR(__xludf.DUMMYFUNCTION("COUNTIFS(IMPORTRANGE('Survey Progress'!$B$32, ""data!$B$2:$B$800""), ""=""&$A9, IMPORTRANGE('Survey Progress'!$B$32, ""data!$S$2:$S$800""), ""*""&I$2&""*"")"),0.0) -> 0 | J9: =IFERROR(__xludf.DUMMYFUNCTION("COUNTIFS(IMPORTRANGE('Survey Progress'!$B$32, ""data!$B$2:$B$800""), ""=""&$A9, IMPORTRANGE('Survey Progress'!$B$32, ""data!$S$2:$S$800""), ""*""&J$2&""*"")"),0.0) -> 0 | K9: =IFERROR(__xludf.DUMMYFUNCTION("COUNTIFS(IMPORTRANGE('Survey Progress'!$B$32, ""data!$B$2:$B$800""), ""=""&$A9, IMPORTRANGE('Survey Progress'!$B$32, ""data!$S$2:$S$800""), ""*""&K$2&""*"")"),0.0) -> 0 | L9: =IFERROR(__xludf.DUMMYFUNCTION("COUNTIFS(IMPORTRANGE('Survey Progress'!$B$32, ""data!$B$2:$B$800""), ""=""&$A9, IMPORTRANGE('Survey Progress'!$B$32, ""data!$S$2:$S$800""), ""*""&L$2&""*"")"),0.0) -> 0 | M9: =IFERROR(__xludf.DUMMYFUNCTION("COUNTIFS(IMPORTRANGE('Survey Progress'!$B$32, ""data!$B$2:$B$800""), ""=""&$A9, IMPORTRANGE('Survey Progress'!$B$32, ""data!$S$2:$S$800""), ""*""&M$2&""*"")"),0.0) -> 0 | N9: =IFERROR(__xludf.DUMMYFUNCTION("COUNTIFS(IMPORTRANGE('Survey Progress'!$B$32, ""data!$B$2:$B$800""), ""=""&$A9, IMPORTRANGE('Survey Progress'!$B$32, ""data!$S$2:$S$800""), ""*""&N$2&""*"")"),0.0) -> 0 | O9: =IFERROR(__xludf.DUMMYFUNCTION("COUNTIFS(IMPORTRANGE('Survey Progress'!$B$32, ""data!$B$2:$B$800""), ""=""&$A9, IMPORTRANGE('Survey Progress'!$B$32, ""data!$S$2:$S$800""), ""*""&O$2&""*"")"),0.0) -> 0 | P9: =IFERROR(__xludf.DUMMYFUNCTION("COUNTIFS(IMPORTRANGE('Survey Progress'!$B$32, ""data!$B$2:$B$800""), ""=""&$A9, IMPORTRANGE('Survey Progress'!$B$32, ""data!$S$2:$S$800""), ""*""&P$2&""*"")"),0.0) -> 0 | Q9: =IFERROR(__xludf.DUMMYFUNCTION("COUNTIFS(IMPORTRANGE('Survey Progress'!$B$32, ""data!$B$2:$B$800""), ""=""&$A9, IMPORTRANGE('Survey Progress'!$B$32, ""data!$S$2:$S$800""), ""*""&Q$2&""*"")"),0.0) -> 0 | R9: =IFERROR(__xludf.DUMMYFUNCTION("COUNTIFS(IMPORTRANGE('Survey Progress'!$B$32, ""data!$B$2:$B$800""), ""=""&$A9, IMPORTRANGE('Survey Progress'!$B$32, ""data!$S$2:$S$800""), ""*""&R$2&""*"")"),0.0) -> 0 | S9: =IFERROR(__xludf.DUMMYFUNCTION("COUNTIFS(IMPORTRANGE('Survey Progress'!$B$32, ""data!$B$2:$B$800""), ""=""&$A9, IMPORTRANGE('Survey Progress'!$B$32, ""data!$S$2:$S$800""), ""*""&S$2&""*"")"),0.0) -> 0 | T9: =IFERROR(__xludf.DUMMYFUNCTION("COUNTIFS(IMPORTRANGE('Survey Progress'!$B$32, ""data!$B$2:$B$800""), ""=""&$A9, IMPORTRANGE('Survey Progress'!$B$32, ""data!$S$2:$S$800""), ""*""&T$2&""*"")"),0.0) -> 0
A10: Ngoua Madou | B10: PM | C10: =IFERROR(__xludf.DUMMYFUNCTION("COUNTIFS(IMPORTRANGE('Survey Progress'!$B$33, ""data!B2:B800""), ""=""&$A10, IMPORTRANGE('Survey Progress'!$B$33, ""data!O2:O800""), ""*""&C$2&""*"")"),0.0) -> 0 | D10: =IFERROR(__xludf.DUMMYFUNCTION("COUNTIFS(IMPORTRANGE('Survey Progress'!$B$33, ""data!B2:B800""), ""=""&$A10, IMPORTRANGE('Survey Progress'!$B$33, ""data!O2:O800""), ""*""&D$2&""*"")"),0.0) -> 0 | E10: =IFERROR(__xludf.DUMMYFUNCTION("COUNTIFS(IMPORTRANGE('Survey Progress'!$B$33, ""data!B2:B800""), ""=""&$A10, IMPORTRANGE('Survey Progress'!$B$33, ""data!O2:O800""), ""*""&E$2&""*"")"),0.0) -> 0 | F10: =IFERROR(__xludf.DUMMYFUNCTION("COUNTIFS(IMPORTRANGE('Survey Progress'!$B$33, ""data!B2:B800""), ""=""&$A10, IMPORTRANGE('Survey Progress'!$B$33, ""data!O2:O800""), ""*""&F$2&""*"")"),0.0) -> 0 | G10: =IFERROR(__xludf.DUMMYFUNCTION("COUNTIFS(IMPORTRANGE('Survey Progress'!$B$33, ""data!B2:B800""), ""=""&$A10, IMPORTRANGE('Survey Progress'!$B$33, ""data!O2:O800""), ""*""&G$2&""*"")"),0.0) -> 0 | H10: =IFERROR(__xludf.DUMMYFUNCTION("COUNTIFS(IMPORTRANGE('Survey Progress'!$B$33, ""data!B2:B800""), ""=""&$A10, IMPORTRANGE('Survey Progress'!$B$33, ""data!O2:O800""), ""*""&H$2&""*"")"),0.0) -> 0 | I10: =IFERROR(__xludf.DUMMYFUNCTION("COUNTIFS(IMPORTRANGE('Survey Progress'!$B$33, ""data!B2:B800""), ""=""&$A10, IMPORTRANGE('Survey Progress'!$B$33, ""data!O2:O800""), ""*""&I$2&""*"")"),0.0) -> 0 | J10: =IFERROR(__xludf.DUMMYFUNCTION("COUNTIFS(IMPORTRANGE('Survey Progress'!$B$33, ""data!B2:B800""), ""=""&$A10, IMPORTRANGE('Survey Progress'!$B$33, ""data!O2:O800""), ""*""&J$2&""*"")"),0.0) -> 0 | K10: =IFERROR(__xludf.DUMMYFUNCTION("COUNTIFS(IMPORTRANGE('Survey Progress'!$B$33, ""data!B2:B800""), ""=""&$A10, IMPORTRANGE('Survey Progress'!$B$33, ""data!O2:O800""), ""*""&K$2&""*"")"),0.0) -> 0 | L10: =IFERROR(__xludf.DUMMYFUNCTION("COUNTIFS(IMPORTRANGE('Survey Progress'!$B$33, ""data!B2:B800""), ""=""&$A10, IMPORTRANGE('Survey Progress'!$B$33, ""data!O2:O800""), ""*""&L$2&""*"")"),0.0) -> 0 | M10: =IFERROR(__xludf.DUMMYFUNCTION("COUNTIFS(IMPORTRANGE('Survey Progress'!$B$33, ""data!B2:B800""), ""=""&$A10, IMPORTRANGE('Survey Progress'!$B$33, ""data!O2:O800""), ""*""&M$2&""*"")"),0.0) -> 0 | N10: =IFERROR(__xludf.DUMMYFUNCTION("COUNTIFS(IMPORTRANGE('Survey Progress'!$B$33, ""data!B2:B800""), ""=""&$A10, IMPORTRANGE('Survey Progress'!$B$33, ""data!O2:O800""), ""*""&N$2&""*"")"),0.0) -> 0 | O10: =IFERROR(__xludf.DUMMYFUNCTION("COUNTIFS(IMPORTRANGE('Survey Progress'!$B$33, ""data!B2:B800""), ""=""&$A10, IMPORTRANGE('Survey Progress'!$B$33, ""data!O2:O800""), ""*""&O$2&""*"")"),0.0) -> 0 | P10: =IFERROR(__xludf.DUMMYFUNCTION("COUNTIFS(IMPORTRANGE('Survey Progress'!$B$33, ""data!B2:B800""), ""=""&$A10, IMPORTRANGE('Survey Progress'!$B$33, ""data!O2:O800""), ""*""&P$2&""*"")"),0.0) -> 0 | Q10: =IFERROR(__xludf.DUMMYFUNCTION("COUNTIFS(IMPORTRANGE('Survey Progress'!$B$33, ""data!B2:B800""), ""=""&$A10, IMPORTRANGE('Survey Progress'!$B$33, ""data!O2:O800""), ""*""&Q$2&""*"")"),0.0) -> 0 | R10: =IFERROR(__xludf.DUMMYFUNCTION("COUNTIFS(IMPORTRANGE('Survey Progress'!$B$33, ""data!B2:B800""), ""=""&$A10, IMPORTRANGE('Survey Progress'!$B$33, ""data!O2:O800""), ""*""&R$2&""*"")"),0.0) -> 0 | S10: =IFERROR(__xludf.DUMMYFUNCTION("COUNTIFS(IMPORTRANGE('Survey Progress'!$B$33, ""data!B2:B800""), ""=""&$A10, IMPORTRANGE('Survey Progress'!$B$33, ""data!O2:O800""), ""*""&S$2&""*"")"),0.0) -> 0 | T10: =IFERROR(__xludf.DUMMYFUNCTION("COUNTIFS(IMPORTRANGE('Survey Progress'!$B$33, ""data!B2:B800""), ""=""&$A10, IMPORTRANGE('Survey Progress'!$B$33, ""data!O2:O800""), ""*""&T$2&""*"")"),0.0) -> 0
A11: Ngoua Madou | B11: Woman | C11: =IFERROR(__xludf.DUMMYFUNCTION("COUNTIFS(IMPORTRANGE('Survey Progress'!$B$34, ""data!B2:B800""), ""=""&$A11, IMPORTRANGE('Survey Progress'!$B$34, ""data!O2:O800""), ""*""&C$2&""*"")"),0.0) -> 0 | D11: =IFERROR(__xludf.DUMMYFUNCTION("COUNTIFS(IMPORTRANGE('Survey Progress'!$B$34, ""data!B2:B800""), ""=""&$A11, IMPORTRANGE('Survey Progress'!$B$34, ""data!O2:O800""), ""*""&D$2&""*"")"),0.0) -> 0 | E11: =IFERROR(__xludf.DUMMYFUNCTION("COUNTIFS(IMPORTRANGE('Survey Progress'!$B$34, ""data!B2:B800""), ""=""&$A11, IMPORTRANGE('Survey Progress'!$B$34, ""data!O2:O800""), ""*""&E$2&""*"")"),0.0) -> 0 | F11: =IFERROR(__xludf.DUMMYFUNCTION("COUNTIFS(IMPORTRANGE('Survey Progress'!$B$34, ""data!B2:B800""), ""=""&$A11, IMPORTRANGE('Survey Progress'!$B$34, ""data!O2:O800""), ""*""&F$2&""*"")"),0.0) -> 0 | G11: =IFERROR(__xludf.DUMMYFUNCTION("COUNTIFS(IMPORTRANGE('Survey Progress'!$B$34, ""data!B2:B800""), ""=""&$A11, IMPORTRANGE('Survey Progress'!$B$34, ""data!O2:O800""), ""*""&G$2&""*"")"),0.0) -> 0 | H11: =IFERROR(__xludf.DUMMYFUNCTION("COUNTIFS(IMPORTRANGE('Survey Progress'!$B$34, ""data!B2:B800""), ""=""&$A11, IMPORTRANGE('Survey Progress'!$B$34, ""data!O2:O800""), ""*""&H$2&""*"")"),0.0) -> 0 | I11: =IFERROR(__xludf.DUMMYFUNCTION("COUNTIFS(IMPORTRANGE('Survey Progress'!$B$34, ""data!B2:B800""), ""=""&$A11, IMPORTRANGE('Survey Progress'!$B$34, ""data!O2:O800""), ""*""&I$2&""*"")"),0.0) -> 0 | J11: =IFERROR(__xludf.DUMMYFUNCTION("COUNTIFS(IMPORTRANGE('Survey Progress'!$B$34, ""data!B2:B800""), ""=""&$A11, IMPORTRANGE('Survey Progress'!$B$34, ""data!O2:O800""), ""*""&J$2&""*"")"),0.0) -> 0 | K11: =IFERROR(__xludf.DUMMYFUNCTION("COUNTIFS(IMPORTRANGE('Survey Progress'!$B$34, ""data!B2:B800""), ""=""&$A11, IMPORTRANGE('Survey Progress'!$B$34, ""data!O2:O800""), ""*""&K$2&""*"")"),0.0) -> 0 | L11: =IFERROR(__xludf.DUMMYFUNCTION("COUNTIFS(IMPORTRANGE('Survey Progress'!$B$34, ""data!B2:B800""), ""=""&$A11, IMPORTRANGE('Survey Progress'!$B$34, ""data!O2:O800""), ""*""&L$2&""*"")"),0.0) -> 0 | M11: =IFERROR(__xludf.DUMMYFUNCTION("COUNTIFS(IMPORTRANGE('Survey Progress'!$B$34, ""data!B2:B800""), ""=""&$A11, IMPORTRANGE('Survey Progress'!$B$34, ""data!O2:O800""), ""*""&M$2&""*"")"),0.0) -> 0 | N11: =IFERROR(__xludf.DUMMYFUNCTION("COUNTIFS(IMPORTRANGE('Survey Progress'!$B$34, ""data!B2:B800""), ""=""&$A11, IMPORTRANGE('Survey Progress'!$B$34, ""data!O2:O800""), ""*""&N$2&""*"")"),0.0) -> 0 | O11: =IFERROR(__xludf.DUMMYFUNCTION("COUNTIFS(IMPORTRANGE('Survey Progress'!$B$34, ""data!B2:B800""), ""=""&$A11, IMPORTRANGE('Survey Progress'!$B$34, ""data!O2:O800""), ""*""&O$2&""*"")"),0.0) -> 0 | P11: =IFERROR(__xludf.DUMMYFUNCTION("COUNTIFS(IMPORTRANGE('Survey Progress'!$B$34, ""data!B2:B800""), ""=""&$A11, IMPORTRANGE('Survey Progress'!$B$34, ""data!O2:O800""), ""*""&P$2&""*"")"),0.0) -> 0 | Q11: =IFERROR(__xludf.DUMMYFUNCTION("COUNTIFS(IMPORTRANGE('Survey Progress'!$B$34, ""data!B2:B800""), ""=""&$A11, IMPORTRANGE('Survey Progress'!$B$34, ""data!O2:O800""), ""*""&Q$2&""*"")"),0.0) -> 0 | R11: =IFERROR(__xludf.DUMMYFUNCTION("COUNTIFS(IMPORTRANGE('Survey Progress'!$B$34, ""data!B2:B800""), ""=""&$A11, IMPORTRANGE('Survey Progress'!$B$34, ""data!O2:O800""), ""*""&R$2&""*"")"),0.0) -> 0 | S11: =IFERROR(__xludf.DUMMYFUNCTION("COUNTIFS(IMPORTRANGE('Survey Progress'!$B$34, ""data!B2:B800""), ""=""&$A11, IMPORTRANGE('Survey Progress'!$B$34, ""data!O2:O800""), ""*""&S$2&""*"")"),0.0) -> 0 | T11: =IFERROR(__xludf.DUMMYFUNCTION("COUNTIFS(IMPORTRANGE('Survey Progress'!$B$34, ""data!B2:B800""), ""=""&$A11, IMPORTRANGE('Survey Progress'!$B$34, ""data!O2:O800""), ""*""&T$2&""*"")"),0.0) -> 0
A12: Aboubacar Tchoutchana Hassia | B12: Screening & HHH | C12: =IFERROR(__xludf.DUMMYFUNCTION("COUNTIFS(IMPORTRANGE('Survey Progress'!$B$32, ""data!$B$2:$B$800""), ""=""&$A12, IMPORTRANGE('Survey Progress'!$B$32, ""data!$S$2:$S$800""), ""*""&C$2&""*"")"),0.0) -> 0 | D12: =IFERROR(__xludf.DUMMYFUNCTION("COUNTIFS(IMPORTRANGE('Survey Progress'!$B$32, ""data!$B$2:$B$800""), ""=""&$A12, IMPORTRANGE('Survey Progress'!$B$32, ""data!$S$2:$S$800""), ""*""&D$2&""*"")"),0.0) -> 0 | E12: =IFERROR(__xludf.DUMMYFUNCTION("COUNTIFS(IMPORTRANGE('Survey Progress'!$B$32, ""data!$B$2:$B$800""), ""=""&$A12, IMPORTRANGE('Survey Progress'!$B$32, ""data!$S$2:$S$800""), ""*""&E$2&""*"")"),0.0) -> 0 | F12: =IFERROR(__xludf.DUMMYFUNCTION("COUNTIFS(IMPORTRANGE('Survey Progress'!$B$32, ""data!$B$2:$B$800""), ""=""&$A12, IMPORTRANGE('Survey Progress'!$B$32, ""data!$S$2:$S$800""), ""*""&F$2&""*"")"),0.0) -> 0 | G12: =IFERROR(__xludf.DUMMYFUNCTION("COUNTIFS(IMPORTRANGE('Survey Progress'!$B$32, ""data!$B$2:$B$800""), ""=""&$A12, IMPORTRANGE('Survey Progress'!$B$32, ""data!$S$2:$S$800""), ""*""&G$2&""*"")"),0.0) -> 0 | H12: =IFERROR(__xludf.DUMMYFUNCTION("COUNTIFS(IMPORTRANGE('Survey Progress'!$B$32, ""data!$B$2:$B$800""), ""=""&$A12, IMPORTRANGE('Survey Progress'!$B$32, ""data!$S$2:$S$800""), ""*""&H$2&""*"")"),0.0) -> 0 | I12: =IFERROR(__xludf.DUMMYFUNCTION("COUNTIFS(IMPORTRANGE('Survey Progress'!$B$32, ""data!$B$2:$B$800""), ""=""&$A12, IMPORTRANGE('Survey Progress'!$B$32, ""data!$S$2:$S$800""), ""*""&I$2&""*"")"),0.0) -> 0 | J12: =IFERROR(__xludf.DUMMYFUNCTION("COUNTIFS(IMPORTRANGE('Survey Progress'!$B$32, ""data!$B$2:$B$800""), ""=""&$A12, IMPORTRANGE('Survey Progress'!$B$32, ""data!$S$2:$S$800""), ""*""&J$2&""*"")"),0.0) -> 0 | K12: =IFERROR(__xludf.DUMMYFUNCTION("COUNTIFS(IMPORTRANGE('Survey Progress'!$B$32, ""data!$B$2:$B$800""), ""=""&$A12, IMPORTRANGE('Survey Progress'!$B$32, ""data!$S$2:$S$800""), ""*""&K$2&""*"")"),0.0) -> 0 | L12: =IFERROR(__xludf.DUMMYFUNCTION("COUNTIFS(IMPORTRANGE('Survey Progress'!$B$32, ""data!$B$2:$B$800""), ""=""&$A12, IMPORTRANGE('Survey Progress'!$B$32, ""data!$S$2:$S$800""), ""*""&L$2&""*"")"),0.0) -> 0 | M12: =IFERROR(__xludf.DUMMYFUNCTION("COUNTIFS(IMPORTRANGE('Survey Progress'!$B$32, ""data!$B$2:$B$800""), ""=""&$A12, IMPORTRANGE('Survey Progress'!$B$32, ""data!$S$2:$S$800""), ""*""&M$2&""*"")"),0.0) -> 0 | N12: =IFERROR(__xludf.DUMMYFUNCTION("COUNTIFS(IMPORTRANGE('Survey Progress'!$B$32, ""data!$B$2:$B$800""), ""=""&$A12, IMPORTRANGE('Survey Progress'!$B$32, ""data!$S$2:$S$800""), ""*""&N$2&""*"")"),0.0) -> 0 | O12: =IFERROR(__xludf.DUMMYFUNCTION("COUNTIFS(IMPORTRANGE('Survey Progress'!$B$32, ""data!$B$2:$B$800""), ""=""&$A12, IMPORTRANGE('Survey Progress'!$B$32, ""data!$S$2:$S$800""), ""*""&O$2&""*"")"),0.0) -> 0 | P12: =IFERROR(__xludf.DUMMYFUNCTION("COUNTIFS(IMPORTRANGE('Survey Progress'!$B$32, ""data!$B$2:$B$800""), ""=""&$A12, IMPORTRANGE('Survey Progress'!$B$32, ""data!$S$2:$S$800""), ""*""&P$2&""*"")"),0.0) -> 0 | Q12: =IFERROR(__xludf.DUMMYFUNCTION("COUNTIFS(IMPORTRANGE('Survey Progress'!$B$32, ""data!$B$2:$B$800""), ""=""&$A12, IMPORTRANGE('Survey Progress'!$B$32, ""data!$S$2:$S$800""), ""*""&Q$2&""*"")"),0.0) -> 0 | R12: =IFERROR(__xludf.DUMMYFUNCTION("COUNTIFS(IMPORTRANGE('Survey Progress'!$B$32, ""data!$B$2:$B$800""), ""=""&$A12, IMPORTRANGE('Survey Progress'!$B$32, ""data!$S$2:$S$800""), ""*""&R$2&""*"")"),0.0) -> 0 | S12: =IFERROR(__xludf.DUMMYFUNCTION("COUNTIFS(IMPORTRANGE('Survey Progress'!$B$32, ""data!$B$2:$B$800""), ""=""&$A12, IMPORTRANGE('Survey Progress'!$B$32, ""data!$S$2:$S$800""), ""*""&S$2&""*"")"),0.0) -> 0 | T12: =IFERROR(__xludf.DUMMYFUNCTION("COUNTIFS(IMPORTRANGE('Survey Progress'!$B$32, ""data!$B$2:$B$800""), ""=""&$A12, IMPORTRANGE('Survey Progress'!$B$32, ""data!$S$2:$S$800""), ""*""&T$2&""*"")"),0.0) -> 0
A13: Aboubacar Tchoutchana Hassia | B13: PM | C13: =IFERROR(__xludf.DUMMYFUNCTION("COUNTIFS(IMPORTRANGE('Survey Progress'!$B$33, ""data!B2:B800""), ""=""&$A13, IMPORTRANGE('Survey Progress'!$B$33, ""data!O2:O800""), ""*""&C$2&""*"")"),0.0) -> 0 | D13: =IFERROR(__xludf.DUMMYFUNCTION("COUNTIFS(IMPORTRANGE('Survey Progress'!$B$33, ""data!B2:B800""), ""=""&$A13, IMPORTRANGE('Survey Progress'!$B$33, ""data!O2:O800""), ""*""&D$2&""*"")"),0.0) -> 0 | E13: =IFERROR(__xludf.DUMMYFUNCTION("COUNTIFS(IMPORTRANGE('Survey Progress'!$B$33, ""data!B2:B800""), ""=""&$A13, IMPORTRANGE('Survey Progress'!$B$33, ""data!O2:O800""), ""*""&E$2&""*"")"),0.0) -> 0 | F13: =IFERROR(__xludf.DUMMYFUNCTION("COUNTIFS(IMPORTRANGE('Survey Progress'!$B$33, ""data!B2:B800""), ""=""&$A13, IMPORTRANGE('Survey Progress'!$B$33, ""data!O2:O800""), ""*""&F$2&""*"")"),0.0) -> 0 | G13: =IFERROR(__xludf.DUMMYFUNCTION("COUNTIFS(IMPORTRANGE('Survey Progress'!$B$33, ""data!B2:B800""), ""=""&$A13, IMPORTRANGE('Survey Progress'!$B$33, ""data!O2:O800""), ""*""&G$2&""*"")"),0.0) -> 0 | H13: =IFERROR(__xludf.DUMMYFUNCTION("COUNTIFS(IMPORTRANGE('Survey Progress'!$B$33, ""data!B2:B800""), ""=""&$A13, IMPORTRANGE('Survey Progress'!$B$33, ""data!O2:O800""), ""*""&H$2&""*"")"),0.0) -> 0 | I13: =IFERROR(__xludf.DUMMYFUNCTION("COUNTIFS(IMPORTRANGE('Survey Progress'!$B$33, ""data!B2:B800""), ""=""&$A13, IMPORTRANGE('Survey Progress'!$B$33, ""data!O2:O800""), ""*""&I$2&""*"")"),0.0) -> 0 | J13: =IFERROR(__xludf.DUMMYFUNCTION("COUNTIFS(IMPORTRANGE('Survey Progress'!$B$33, ""data!B2:B800""), ""=""&$A13, IMPORTRANGE('Survey Progress'!$B$33, ""data!O2:O800""), ""*""&J$2&""*"")"),0.0) -> 0 | K13: =IFERROR(__xludf.DUMMYFUNCTION("COUNTIFS(IMPORTRANGE('Survey Progress'!$B$33, ""data!B2:B800""), ""=""&$A13, IMPORTRANGE('Survey Progress'!$B$33, ""data!O2:O800""), ""*""&K$2&""*"")"),0.0) -> 0 | L13: =IFERROR(__xludf.DUMMYFUNCTION("COUNTIFS(IMPORTRANGE('Survey Progress'!$B$33, ""data!B2:B800""), ""=""&$A13, IMPORTRANGE('Survey Progress'!$B$33, ""data!O2:O800""), ""*""&L$2&""*"")"),0.0) -> 0 | M13: =IFERROR(__xludf.DUMMYFUNCTION("COUNTIFS(IMPORTRANGE('Survey Progress'!$B$33, ""data!B2:B800""), ""=""&$A13, IMPORTRANGE('Survey Progress'!$B$33, ""data!O2:O800""), ""*""&M$2&""*"")"),0.0) -> 0 | N13: =IFERROR(__xludf.DUMMYFUNCTION("COUNTIFS(IMPORTRANGE('Survey Progress'!$B$33, ""data!B2:B800""), ""=""&$A13, IMPORTRANGE('Survey Progress'!$B$33, ""data!O2:O800""), ""*""&N$2&""*"")"),0.0) -> 0 | O13: =IFERROR(__xludf.DUMMYFUNCTION("COUNTIFS(IMPORTRANGE('Survey Progress'!$B$33, ""data!B2:B800""), ""=""&$A13, IMPORTRANGE('Survey Progress'!$B$33, ""data!O2:O800""), ""*""&O$2&""*"")"),0.0) -> 0 | P13: =IFERROR(__xludf.DUMMYFUNCTION("COUNTIFS(IMPORTRANGE('Survey Progress'!$B$33, ""data!B2:B800""), ""=""&$A13, IMPORTRANGE('Survey Progress'!$B$33, ""data!O2:O800""), ""*""&P$2&""*"")"),0.0) -> 0 | Q13: =IFERROR(__xludf.DUMMYFUNCTION("COUNTIFS(IMPORTRANGE('Survey Progress'!$B$33, ""data!B2:B800""), ""=""&$A13, IMPORTRANGE('Survey Progress'!$B$33, ""data!O2:O800""), ""*""&Q$2&""*"")"),0.0) -> 0 | R13: =IFERROR(__xludf.DUMMYFUNCTION("COUNTIFS(IMPORTRANGE('Survey Progress'!$B$33, ""data!B2:B800""), ""=""&$A13, IMPORTRANGE('Survey Progress'!$B$33, ""data!O2:O800""), ""*""&R$2&""*"")"),0.0) -> 0 | S13: =IFERROR(__xludf.DUMMYFUNCTION("COUNTIFS(IMPORTRANGE('Survey Progress'!$B$33, ""data!B2:B800""), ""=""&$A13, IMPORTRANGE('Survey Progress'!$B$33, ""data!O2:O800""), ""*""&S$2&""*"")"),0.0) -> 0 | T13: =IFERROR(__xludf.DUMMYFUNCTION("COUNTIFS(IMPORTRANGE('Survey Progress'!$B$33, ""data!B2:B800""), ""=""&$A13, IMPORTRANGE('Survey Progress'!$B$33, ""data!O2:O800""), ""*""&T$2&""*"")"),0.0) -> 0
A14: Aboubacar Tchoutchana Hassia | B14: Woman | C14: =IFERROR(__xludf.DUMMYFUNCTION("COUNTIFS(IMPORTRANGE('Survey Progress'!$B$34, ""data!B2:B800""), ""=""&$A14, IMPORTRANGE('Survey Progress'!$B$34, ""data!O2:O800""), ""*""&C$2&""*"")"),0.0) -> 0 | D14: =IFERROR(__xludf.DUMMYFUNCTION("COUNTIFS(IMPORTRANGE('Survey Progress'!$B$34, ""data!B2:B800""), ""=""&$A14, IMPORTRANGE('Survey Progress'!$B$34, ""data!O2:O800""), ""*""&D$2&""*"")"),0.0) -> 0 | E14: =IFERROR(__xludf.DUMMYFUNCTION("COUNTIFS(IMPORTRANGE('Survey Progress'!$B$34, ""data!B2:B800""), ""=""&$A14, IMPORTRANGE('Survey Progress'!$B$34, ""data!O2:O800""), ""*""&E$2&""*"")"),0.0) -> 0 | F14: =IFERROR(__xludf.DUMMYFUNCTION("COUNTIFS(IMPORTRANGE('Survey Progress'!$B$34, ""data!B2:B800""), ""=""&$A14, IMPORTRANGE('Survey Progress'!$B$34, ""data!O2:O800""), ""*""&F$2&""*"")"),0.0) -> 0 | G14: =IFERROR(__xludf.DUMMYFUNCTION("COUNTIFS(IMPORTRANGE('Survey Progress'!$B$34, ""data!B2:B800""), ""=""&$A14, IMPORTRANGE('Survey Progress'!$B$34, ""data!O2:O800""), ""*""&G$2&""*"")"),0.0) -> 0 | H14: =IFERROR(__xludf.DUMMYFUNCTION("COUNTIFS(IMPORTRANGE('Survey Progress'!$B$34, ""data!B2:B800""), ""=""&$A14, IMPORTRANGE('Survey Progress'!$B$34, ""data!O2:O800""), ""*""&H$2&""*"")"),0.0) -> 0 | I14: =IFERROR(__xludf.DUMMYFUNCTION("COUNTIFS(IMPORTRANGE('Survey Progress'!$B$34, ""data!B2:B800""), ""=""&$A14, IMPORTRANGE('Survey Progress'!$B$34, ""data!O2:O800""), ""*""&I$2&""*"")"),0.0) -> 0 | J14: =IFERROR(__xludf.DUMMYFUNCTION("COUNTIFS(IMPORTRANGE('Survey Progress'!$B$34, ""data!B2:B800""), ""=""&$A14, IMPORTRANGE('Survey Progress'!$B$34, ""data!O2:O800""), ""*""&J$2&""*"")"),0.0) -> 0 | K14: =IFERROR(__xludf.DUMMYFUNCTION("COUNTIFS(IMPORTRANGE('Survey Progress'!$B$34, ""data!B2:B800""), ""=""&$A14, IMPORTRANGE('Survey Progress'!$B$34, ""data!O2:O800""), ""*""&K$2&""*"")"),0.0) -> 0 | L14: =IFERROR(__xludf.DUMMYFUNCTION("COUNTIFS(IMPORTRANGE('Survey Progress'!$B$34, ""data!B2:B800""), ""=""&$A14, IMPORTRANGE('Survey Progress'!$B$34, ""data!O2:O800""), ""*""&L$2&""*"")"),0.0) -> 0 | M14: =IFERROR(__xludf.DUMMYFUNCTION("COUNTIFS(IMPORTRANGE('Survey Progress'!$B$34, ""data!B2:B800""), ""=""&$A14, IMPORTRANGE('Survey Progress'!$B$34, ""data!O2:O800""), ""*""&M$2&""*"")"),0.0) -> 0 | N14: =IFERROR(__xludf.DUMMYFUNCTION("COUNTIFS(IMPORTRANGE('Survey Progress'!$B$34, ""data!B2:B800""), ""=""&$A14, IMPORTRANGE('Survey Progress'!$B$34, ""data!O2:O800""), ""*""&N$2&""*"")"),0.0) -> 0 | O14: =IFERROR(__xludf.DUMMYFUNCTION("COUNTIFS(IMPORTRANGE('Survey Progress'!$B$34, ""data!B2:B800""), ""=""&$A14, IMPORTRANGE('Survey Progress'!$B$34, ""data!O2:O800""), ""*""&O$2&""*"")"),0.0) -> 0 | P14: =IFERROR(__xludf.DUMMYFUNCTION("COUNTIFS(IMPORTRANGE('Survey Progress'!$B$34, ""data!B2:B800""), ""=""&$A14, IMPORTRANGE('Survey Progress'!$B$34, ""data!O2:O800""), ""*""&P$2&""*"")"),0.0) -> 0 | Q14: =IFERROR(__xludf.DUMMYFUNCTION("COUNTIFS(IMPORTRANGE('Survey Progress'!$B$34, ""data!B2:B800""), ""=""&$A14, IMPORTRANGE('Survey Progress'!$B$34, ""data!O2:O800""), ""*""&Q$2&""*"")"),0.0) -> 0 | R14: =IFERROR(__xludf.DUMMYFUNCTION("COUNTIFS(IMPORTRANGE('Survey Progress'!$B$34, ""data!B2:B800""), ""=""&$A14, IMPORTRANGE('Survey Progress'!$B$34, ""data!O2:O800""), ""*""&R$2&""*"")"),0.0) -> 0 | S14: =IFERROR(__xludf.DUMMYFUNCTION("COUNTIFS(IMPORTRANGE('Survey Progress'!$B$34, ""data!B2:B800""), ""=""&$A14, IMPORTRANGE('Survey Progress'!$B$34, ""data!O2:O800""), ""*""&S$2&""*"")"),0.0) -> 0 | T14: =IFERROR(__xludf.DUMMYFUNCTION("COUNTIFS(IMPORTRANGE('Survey Progress'!$B$34, ""data!B2:B800""), ""=""&$A14, IMPORTRANGE('Survey Progress'!$B$34, ""data!O2:O800""), ""*""&T$2&""*"")"),0.0) -> 0
A15: Diallo Ali Badara Kadidiatou | B15: Screening & HHH | C15: =IFERROR(__xludf.DUMMYFUNCTION("COUNTIFS(IMPORTRANGE('Survey Progress'!$B$32, ""data!$B$2:$B$800""), ""=""&$A15, IMPORTRANGE('Survey Progress'!$B$32, ""data!$S$2:$S$800""), ""*""&C$2&""*"")"),0.0) -> 0 | D15: =IFERROR(__xludf.DUMMYFUNCTION("COUNTIFS(IMPORTRANGE('Survey Progress'!$B$32, ""data!$B$2:$B$800""), ""=""&$A15, IMPORTRANGE('Survey Progress'!$B$32, ""data!$S$2:$S$800""), ""*""&D$2&""*"")"),0.0) -> 0 | E15: =IFERROR(__xludf.DUMMYFUNCTION("COUNTIFS(IMPORTRANGE('Survey Progress'!$B$32, ""data!$B$2:$B$800""), ""=""&$A15, IMPORTRANGE('Survey Progress'!$B$32, ""data!$S$2:$S$800""), ""*""&E$2&""*"")"),0.0) -> 0 | F15: =IFERROR(__xludf.DUMMYFUNCTION("COUNTIFS(IMPORTRANGE('Survey Progress'!$B$32, ""data!$B$2:$B$800""), ""=""&$A15, IMPORTRANGE('Survey Progress'!$B$32, ""data!$S$2:$S$800""), ""*""&F$2&""*"")"),0.0) -> 0 | G15: =IFERROR(__xludf.DUMMYFUNCTION("COUNTIFS(IMPORTRANGE('Survey Progress'!$B$32, ""data!$B$2:$B$800""), ""=""&$A15, IMPORTRANGE('Survey Progress'!$B$32, ""data!$S$2:$S$800""), ""*""&G$2&""*"")"),0.0) -> 0 | H15: =IFERROR(__xludf.DUMMYFUNCTION("COUNTIFS(IMPORTRANGE('Survey Progress'!$B$32, ""data!$B$2:$B$800""), ""=""&$A15, IMPORTRANGE('Survey Progress'!$B$32, ""data!$S$2:$S$800""), ""*""&H$2&""*"")"),0.0) -> 0 | I15: =IFERROR(__xludf.DUMMYFUNCTION("COUNTIFS(IMPORTRANGE('Survey Progress'!$B$32, ""data!$B$2:$B$800""), ""=""&$A15, IMPORTRANGE('Survey Progress'!$B$32, ""data!$S$2:$S$800""), ""*""&I$2&""*"")"),0.0) -> 0 | J15: =IFERROR(__xludf.DUMMYFUNCTION("COUNTIFS(IMPORTRANGE('Survey Progress'!$B$32, ""data!$B$2:$B$800""), ""=""&$A15, IMPORTRANGE('Survey Progress'!$B$32, ""data!$S$2:$S$800""), ""*""&J$2&""*"")"),0.0) -> 0 | K15: =IFERROR(__xludf.DUMMYFUNCTION("COUNTIFS(IMPORTRANGE('Survey Progress'!$B$32, ""data!$B$2:$B$800""), ""=""&$A15, IMPORTRANGE('Survey Progress'!$B$32, ""data!$S$2:$S$800""), ""*""&K$2&""*"")"),0.0) -> 0 | L15: =IFERROR(__xludf.DUMMYFUNCTION("COUNTIFS(IMPORTRANGE('Survey Progress'!$B$32, ""data!$B$2:$B$800""), ""=""&$A15, IMPORTRANGE('Survey Progress'!$B$32, ""data!$S$2:$S$800""), ""*""&L$2&""*"")"),0.0) -> 0 | M15: =IFERROR(__xludf.DUMMYFUNCTION("COUNTIFS(IMPORTRANGE('Survey Progress'!$B$32, ""data!$B$2:$B$800""), ""=""&$A15, IMPORTRANGE('Survey Progress'!$B$32, ""data!$S$2:$S$800""), ""*""&M$2&""*"")"),0.0) -> 0 | N15: =IFERROR(__xludf.DUMMYFUNCTION("COUNTIFS(IMPORTRANGE('Survey Progress'!$B$32, ""data!$B$2:$B$800""), ""=""&$A15, IMPORTRANGE('Survey Progress'!$B$32, ""data!$S$2:$S$800""), ""*""&N$2&""*"")"),0.0) -> 0 | O15: =IFERROR(__xludf.DUMMYFUNCTION("COUNTIFS(IMPORTRANGE('Survey Progress'!$B$32, ""data!$B$2:$B$800""), ""=""&$A15, IMPORTRANGE('Survey Progress'!$B$32, ""data!$S$2:$S$800""), ""*""&O$2&""*"")"),0.0) -> 0 | P15: =IFERROR(__xludf.DUMMYFUNCTION("COUNTIFS(IMPORTRANGE('Survey Progress'!$B$32, ""data!$B$2:$B$800""), ""=""&$A15, IMPORTRANGE('Survey Progress'!$B$32, ""data!$S$2:$S$800""), ""*""&P$2&""*"")"),0.0) -> 0 | Q15: =IFERROR(__xludf.DUMMYFUNCTION("COUNTIFS(IMPORTRANGE('Survey Progress'!$B$32, ""data!$B$2:$B$800""), ""=""&$A15, IMPORTRANGE('Survey Progress'!$B$32, ""data!$S$2:$S$800""), ""*""&Q$2&""*"")"),0.0) -> 0 | R15: =IFERROR(__xludf.DUMMYFUNCTION("COUNTIFS(IMPORTRANGE('Survey Progress'!$B$32, ""data!$B$2:$B$800""), ""=""&$A15, IMPORTRANGE('Survey Progress'!$B$32, ""data!$S$2:$S$800""), ""*""&R$2&""*"")"),0.0) -> 0 | S15: =IFERROR(__xludf.DUMMYFUNCTION("COUNTIFS(IMPORTRANGE('Survey Progress'!$B$32, ""data!$B$2:$B$800""), ""=""&$A15, IMPORTRANGE('Survey Progress'!$B$32, ""data!$S$2:$S$800""), ""*""&S$2&""*"")"),0.0) -> 0 | T15: =IFERROR(__xludf.DUMMYFUNCTION("COUNTIFS(IMPORTRANGE('Survey Progress'!$B$32, ""data!$B$2:$B$800""), ""=""&$A15, IMPORTRANGE('Survey Progress'!$B$32, ""data!$S$2:$S$800""), ""*""&T$2&""*"")"),0.0) -> 0
A16: Diallo Ali Badara Kadidiatou | B16: PM | C16: =IFERROR(__xludf.DUMMYFUNCTION("COUNTIFS(IMPORTRANGE('Survey Progress'!$B$33, ""data!B2:B800""), ""=""&$A16, IMPORTRANGE('Survey Progress'!$B$33, ""data!O2:O800""), ""*""&C$2&""*"")"),0.0) -> 0 | D16: =IFERROR(__xludf.DUMMYFUNCTION("COUNTIFS(IMPORTRANGE('Survey Progress'!$B$33, ""data!B2:B800""), ""=""&$A16, IMPORTRANGE('Survey Progress'!$B$33, ""data!O2:O800""), ""*""&D$2&""*"")"),0.0) -> 0 | E16: =IFERROR(__xludf.DUMMYFUNCTION("COUNTIFS(IMPORTRANGE('Survey Progress'!$B$33, ""data!B2:B800""), ""=""&$A16, IMPORTRANGE('Survey Progress'!$B$33, ""data!O2:O800""), ""*""&E$2&""*"")"),0.0) -> 0 | F16: =IFERROR(__xludf.DUMMYFUNCTION("COUNTIFS(IMPORTRANGE('Survey Progress'!$B$33, ""data!B2:B800""), ""=""&$A16, IMPORTRANGE('Survey Progress'!$B$33, ""data!O2:O800""), ""*""&F$2&""*"")"),0.0) -> 0 | G16: =IFERROR(__xludf.DUMMYFUNCTION("COUNTIFS(IMPORTRANGE('Survey Progress'!$B$33, ""data!B2:B800""), ""=""&$A16, IMPORTRANGE('Survey Progress'!$B$33, ""data!O2:O800""), ""*""&G$2&""*"")"),0.0) -> 0 | H16: =IFERROR(__xludf.DUMMYFUNCTION("COUNTIFS(IMPORTRANGE('Survey Progress'!$B$33, ""data!B2:B800""), ""=""&$A16, IMPORTRANGE('Survey Progress'!$B$33, ""data!O2:O800""), ""*""&H$2&""*"")"),0.0) -> 0 | I16: =IFERROR(__xludf.DUMMYFUNCTION("COUNTIFS(IMPORTRANGE('Survey Progress'!$B$33, ""data!B2:B800""), ""=""&$A16, IMPORTRANGE('Survey Progress'!$B$33, ""data!O2:O800""), ""*""&I$2&""*"")"),0.0) -> 0 | J16: =IFERROR(__xludf.DUMMYFUNCTION("COUNTIFS(IMPORTRANGE('Survey Progress'!$B$33, ""data!B2:B800""), ""=""&$A16, IMPORTRANGE('Survey Progress'!$B$33, ""data!O2:O800""), ""*""&J$2&""*"")"),0.0) -> 0 | K16: =IFERROR(__xludf.DUMMYFUNCTION("COUNTIFS(IMPORTRANGE('Survey Progress'!$B$33, ""data!B2:B800""), ""=""&$A16, IMPORTRANGE('Survey Progress'!$B$33, ""data!O2:O800""), ""*""&K$2&""*"")"),0.0) -> 0 | L16: =IFERROR(__xludf.DUMMYFUNCTION("COUNTIFS(IMPORTRANGE('Survey Progress'!$B$33, ""data!B2:B800""), ""=""&$A16, IMPORTRANGE('Survey Progress'!$B$33, ""data!O2:O800""), ""*""&L$2&""*"")"),0.0) -> 0 | M16: =IFERROR(__xludf.DUMMYFUNCTION("COUNTIFS(IMPORTRANGE('Survey Progress'!$B$33, ""data!B2:B800""), ""=""&$A16, IMPORTRANGE('Survey Progress'!$B$33, ""data!O2:O800""), ""*""&M$2&""*"")"),0.0) -> 0 | N16: =IFERROR(__xludf.DUMMYFUNCTION("COUNTIFS(IMPORTRANGE('Survey Progress'!$B$33, ""data!B2:B800""), ""=""&$A16, IMPORTRANGE('Survey Progress'!$B$33, ""data!O2:O800""), ""*""&N$2&""*"")"),0.0) -> 0 | O16: =IFERROR(__xludf.DUMMYFUNCTION("COUNTIFS(IMPORTRANGE('Survey Progress'!$B$33, ""data!B2:B800""), ""=""&$A16, IMPORTRANGE('Survey Progress'!$B$33, ""data!O2:O800""), ""*""&O$2&""*"")"),0.0) -> 0 | P16: =IFERROR(__xludf.DUMMYFUNCTION("COUNTIFS(IMPORTRANGE('Survey Progress'!$B$33, ""data!B2:B800""), ""=""&$A16, IMPORTRANGE('Survey Progress'!$B$33, ""data!O2:O800""), ""*""&P$2&""*"")"),0.0) -> 0 | Q16: =IFERROR(__xludf.DUMMYFUNCTION("COUNTIFS(IMPORTRANGE('Survey Progress'!$B$33, ""data!B2:B800""), ""=""&$A16, IMPORTRANGE('Survey Progress'!$B$33, ""data!O2:O800""), ""*""&Q$2&""*"")"),0.0) -> 0 | R16: =IFERROR(__xludf.DUMMYFUNCTION("COUNTIFS(IMPORTRANGE('Survey Progress'!$B$33, ""data!B2:B800""), ""=""&$A16, IMPORTRANGE('Survey Progress'!$B$33, ""data!O2:O800""), ""*""&R$2&""*"")"),0.0) -> 0 | S16: =IFERROR(__xludf.DUMMYFUNCTION("COUNTIFS(IMPORTRANGE('Survey Progress'!$B$33, ""data!B2:B800""), ""=""&$A16, IMPORTRANGE('Survey Progress'!$B$33, ""data!O2:O800""), ""*""&S$2&""*"")"),0.0) -> 0 | T16: =IFERROR(__xludf.DUMMYFUNCTION("COUNTIFS(IMPORTRANGE('Survey Progress'!$B$33, ""data!B2:B800""), ""=""&$A16, IMPORTRANGE('Survey Progress'!$B$33, ""data!O2:O800""), ""*""&T$2&""*"")"),0.0) -> 0
A17: Diallo Ali Badara Kadidiatou | B17: Woman | C17: =IFERROR(__xludf.DUMMYFUNCTION("COUNTIFS(IMPORTRANGE('Survey Progress'!$B$34, ""data!B2:B800""), ""=""&$A17, IMPORTRANGE('Survey Progress'!$B$34, ""data!O2:O800""), ""*""&C$2&""*"")"),0.0) -> 0 | D17: =IFERROR(__xludf.DUMMYFUNCTION("COUNTIFS(IMPORTRANGE('Survey Progress'!$B$34, ""data!B2:B800""), ""=""&$A17, IMPORTRANGE('Survey Progress'!$B$34, ""data!O2:O800""), ""*""&D$2&""*"")"),0.0) -> 0 | E17: =IFERROR(__xludf.DUMMYFUNCTION("COUNTIFS(IMPORTRANGE('Survey Progress'!$B$34, ""data!B2:B800""), ""=""&$A17, IMPORTRANGE('Survey Progress'!$B$34, ""data!O2:O800""), ""*""&E$2&""*"")"),0.0) -> 0 | F17: =IFERROR(__xludf.DUMMYFUNCTION("COUNTIFS(IMPORTRANGE('Survey Progress'!$B$34, ""data!B2:B800""), ""=""&$A17, IMPORTRANGE('Survey Progress'!$B$34, ""data!O2:O800""), ""*""&F$2&""*"")"),0.0) -> 0 | G17: =IFERROR(__xludf.DUMMYFUNCTION("COUNTIFS(IMPORTRANGE('Survey Progress'!$B$34, ""data!B2:B800""), ""=""&$A17, IMPORTRANGE('Survey Progress'!$B$34, ""data!O2:O800""), ""*""&G$2&""*"")"),0.0) -> 0 | H17: =IFERROR(__xludf.DUMMYFUNCTION("COUNTIFS(IMPORTRANGE('Survey Progress'!$B$34, ""data!B2:B800""), ""=""&$A17, IMPORTRANGE('Survey Progress'!$B$34, ""data!O2:O800""), ""*""&H$2&""*"")"),0.0) -> 0 | I17: =IFERROR(__xludf.DUMMYFUNCTION("COUNTIFS(IMPORTRANGE('Survey Progress'!$B$34, ""data!B2:B800""), ""=""&$A17, IMPORTRANGE('Survey Progress'!$B$34, ""data!O2:O800""), ""*""&I$2&""*"")"),0.0) -> 0 | J17: =IFERROR(__xludf.DUMMYFUNCTION("COUNTIFS(IMPORTRANGE('Survey Progress'!$B$34, ""data!B2:B800""), ""=""&$A17, IMPORTRANGE('Survey Progress'!$B$34, ""data!O2:O800""), ""*""&J$2&""*"")"),0.0) -> 0 | K17: =IFERROR(__xludf.DUMMYFUNCTION("COUNTIFS(IMPORTRANGE('Survey Progress'!$B$34, ""data!B2:B800""), ""=""&$A17, IMPORTRANGE('Survey Progress'!$B$34, ""data!O2:O800""), ""*""&K$2&""*"")"),0.0) -> 0 | L17: =IFERROR(__xludf.DUMMYFUNCTION("COUNTIFS(IMPORTRANGE('Survey Progress'!$B$34, ""data!B2:B800""), ""=""&$A17, IMPORTRANGE('Survey Progress'!$B$34, ""data!O2:O800""), ""*""&L$2&""*"")"),0.0) -> 0 | M17: =IFERROR(__xludf.DUMMYFUNCTION("COUNTIFS(IMPORTRANGE('Survey Progress'!$B$34, ""data!B2:B800""), ""=""&$A17, IMPORTRANGE('Survey Progress'!$B$34, ""data!O2:O800""), ""*""&M$2&""*"")"),0.0) -> 0 | N17: =IFERROR(__xludf.DUMMYFUNCTION("COUNTIFS(IMPORTRANGE('Survey Progress'!$B$34, ""data!B2:B800""), ""=""&$A17, IMPORTRANGE('Survey Progress'!$B$34, ""data!O2:O800""), ""*""&N$2&""*"")"),0.0) -> 0 | O17: =IFERROR(__xludf.DUMMYFUNCTION("COUNTIFS(IMPORTRANGE('Survey Progress'!$B$34, ""data!B2:B800""), ""=""&$A17, IMPORTRANGE('Survey Progress'!$B$34, ""data!O2:O800""), ""*""&O$2&""*"")"),0.0) -> 0 | P17: =IFERROR(__xludf.DUMMYFUNCTION("COUNTIFS(IMPORTRANGE('Survey Progress'!$B$34, ""data!B2:B800""), ""=""&$A17, IMPORTRANGE('Survey Progress'!$B$34, ""data!O2:O800""), ""*""&P$2&""*"")"),0.0) -> 0 | Q17: =IFERROR(__xludf.DUMMYFUNCTION("COUNTIFS(IMPORTRANGE('Survey Progress'!$B$34, ""data!B2:B800""), ""=""&$A17, IMPORTRANGE('Survey Progress'!$B$34, ""data!O2:O800""), ""*""&Q$2&""*"")"),0.0) -> 0 | R17: =IFERROR(__xludf.DUMMYFUNCTION("COUNTIFS(IMPORTRANGE('Survey Progress'!$B$34, ""data!B2:B800""), ""=""&$A17, IMPORTRANGE('Survey Progress'!$B$34, ""data!O2:O800""), ""*""&R$2&""*"")"),0.0) -> 0 | S17: =IFERROR(__xludf.DUMMYFUNCTION("COUNTIFS(IMPORTRANGE('Survey Progress'!$B$34, ""data!B2:B800""), ""=""&$A17, IMPORTRANGE('Survey Progress'!$B$34, ""data!O2:O800""), ""*""&S$2&""*"")"),0.0) -> 0 | T17: =IFERROR(__xludf.DUMMYFUNCTION("COUNTIFS(IMPORTRANGE('Survey Progress'!$B$34, ""data!B2:B800""), ""=""&$A17, IMPORTRANGE('Survey Progress'!$B$34, ""data!O2:O800""), ""*""&T$2&""*"")"),0.0) -> 0
A18: Armadan Chegou Indi Gana | B18: Screening & HHH | C18: =IFERROR(__xludf.DUMMYFUNCTION("COUNTIFS(IMPORTRANGE('Survey Progress'!$B$32, ""data!$B$2:$B$800""), ""=""&$A18, IMPORTRANGE('Survey Progress'!$B$32, ""data!$S$2:$S$800""), ""*""&C$2&""*"")"),0.0) -> 0 | D18: =IFERROR(__xludf.DUMMYFUNCTION("COUNTIFS(IMPORTRANGE('Survey Progress'!$B$32, ""data!$B$2:$B$800""), ""=""&$A18, IMPORTRANGE('Survey Progress'!$B$32, ""data!$S$2:$S$800""), ""*""&D$2&""*"")"),0.0) -> 0 | E18: =IFERROR(__xludf.DUMMYFUNCTION("COUNTIFS(IMPORTRANGE('Survey Progress'!$B$32, ""data!$B$2:$B$800""), ""=""&$A18, IMPORTRANGE('Survey Progress'!$B$32, ""data!$S$2:$S$800""), ""*""&E$2&""*"")"),0.0) -> 0 | F18: =IFERROR(__xludf.DUMMYFUNCTION("COUNTIFS(IMPORTRANGE('Survey Progress'!$B$32, ""data!$B$2:$B$800""), ""=""&$A18, IMPORTRANGE('Survey Progress'!$B$32, ""data!$S$2:$S$800""), ""*""&F$2&""*"")"),0.0) -> 0 | G18: =IFERROR(__xludf.DUMMYFUNCTION("COUNTIFS(IMPORTRANGE('Survey Progress'!$B$32, ""data!$B$2:$B$800""), ""=""&$A18, IMPORTRANGE('Survey Progress'!$B$32, ""data!$S$2:$S$800""), ""*""&G$2&""*"")"),0.0) -> 0 | H18: =IFERROR(__xludf.DUMMYFUNCTION("COUNTIFS(IMPORTRANGE('Survey Progress'!$B$32, ""data!$B$2:$B$800""), ""=""&$A18, IMPORTRANGE('Survey Progress'!$B$32, ""data!$S$2:$S$800""), ""*""&H$2&""*"")"),0.0) -> 0 | I18: =IFERROR(__xludf.DUMMYFUNCTION("COUNTIFS(IMPORTRANGE('Survey Progress'!$B$32, ""data!$B$2:$B$800""), ""=""&$A18, IMPORTRANGE('Survey Progress'!$B$32, ""data!$S$2:$S$800""), ""*""&I$2&""*"")"),0.0) -> 0 | J18: =IFERROR(__xludf.DUMMYFUNCTION("COUNTIFS(IMPORTRANGE('Survey Progress'!$B$32, ""data!$B$2:$B$800""), ""=""&$A18, IMPORTRANGE('Survey Progress'!$B$32, ""data!$S$2:$S$800""), ""*""&J$2&""*"")"),0.0) -> 0 | K18: =IFERROR(__xludf.DUMMYFUNCTION("COUNTIFS(IMPORTRANGE('Survey Progress'!$B$32, ""data!$B$2:$B$800""), ""=""&$A18, IMPORTRANGE('Survey Progress'!$B$32, ""data!$S$2:$S$800""), ""*""&K$2&""*"")"),0.0) -> 0 | L18: =IFERROR(__xludf.DUMMYFUNCTION("COUNTIFS(IMPORTRANGE('Survey Progress'!$B$32, ""data!$B$2:$B$800""), ""=""&$A18, IMPORTRANGE('Survey Progress'!$B$32, ""data!$S$2:$S$800""), ""*""&L$2&""*"")"),0.0) -> 0 | M18: =IFERROR(__xludf.DUMMYFUNCTION("COUNTIFS(IMPORTRANGE('Survey Progress'!$B$32, ""data!$B$2:$B$800""), ""=""&$A18, IMPORTRANGE('Survey Progress'!$B$32, ""data!$S$2:$S$800""), ""*""&M$2&""*"")"),0.0) -> 0 | N18: =IFERROR(__xludf.DUMMYFUNCTION("COUNTIFS(IMPORTRANGE('Survey Progress'!$B$32, ""data!$B$2:$B$800""), ""=""&$A18, IMPORTRANGE('Survey Progress'!$B$32, ""data!$S$2:$S$800""), ""*""&N$2&""*"")"),0.0) -> 0 | O18: =IFERROR(__xludf.DUMMYFUNCTION("COUNTIFS(IMPORTRANGE('Survey Progress'!$B$32, ""data!$B$2:$B$800""), ""=""&$A18, IMPORTRANGE('Survey Progress'!$B$32, ""data!$S$2:$S$800""), ""*""&O$2&""*"")"),0.0) -> 0 | P18: =IFERROR(__xludf.DUMMYFUNCTION("COUNTIFS(IMPORTRANGE('Survey Progress'!$B$32, ""data!$B$2:$B$800""), ""=""&$A18, IMPORTRANGE('Survey Progress'!$B$32, ""data!$S$2:$S$800""), ""*""&P$2&""*"")"),0.0) -> 0 | Q18: =IFERROR(__xludf.DUMMYFUNCTION("COUNTIFS(IMPORTRANGE('Survey Progress'!$B$32, ""data!$B$2:$B$800""), ""=""&$A18, IMPORTRANGE('Survey Progress'!$B$32, ""data!$S$2:$S$800""), ""*""&Q$2&""*"")"),0.0) -> 0 | R18: =IFERROR(__xludf.DUMMYFUNCTION("COUNTIFS(IMPORTRANGE('Survey Progress'!$B$32, ""data!$B$2:$B$800""), ""=""&$A18, IMPORTRANGE('Survey Progress'!$B$32, ""data!$S$2:$S$800""), ""*""&R$2&""*"")"),0.0) -> 0 | S18: =IFERROR(__xludf.DUMMYFUNCTION("COUNTIFS(IMPORTRANGE('Survey Progress'!$B$32, ""data!$B$2:$B$800""), ""=""&$A18, IMPORTRANGE('Survey Progress'!$B$32, ""data!$S$2:$S$800""), ""*""&S$2&""*"")"),0.0) -> 0 | T18: =IFERROR(__xludf.DUMMYFUNCTION("COUNTIFS(IMPORTRANGE('Survey Progress'!$B$32, ""data!$B$2:$B$800""), ""=""&$A18, IMPORTRANGE('Survey Progress'!$B$32, ""data!$S$2:$S$800""), ""*""&T$2&""*"")"),0.0) -> 0
A19: Armadan Chegou Indi Gana | B19: PM | C19: =IFERROR(__xludf.DUMMYFUNCTION("COUNTIFS(IMPORTRANGE('Survey Progress'!$B$33, ""data!B2:B800""), ""=""&$A19, IMPORTRANGE('Survey Progress'!$B$33, ""data!O2:O800""), ""*""&C$2&""*"")"),0.0) -> 0 | D19: =IFERROR(__xludf.DUMMYFUNCTION("COUNTIFS(IMPORTRANGE('Survey Progress'!$B$33, ""data!B2:B800""), ""=""&$A19, IMPORTRANGE('Survey Progress'!$B$33, ""data!O2:O800""), ""*""&D$2&""*"")"),0.0) -> 0 | E19: =IFERROR(__xludf.DUMMYFUNCTION("COUNTIFS(IMPORTRANGE('Survey Progress'!$B$33, ""data!B2:B800""), ""=""&$A19, IMPORTRANGE('Survey Progress'!$B$33, ""data!O2:O800""), ""*""&E$2&""*"")"),0.0) -> 0 | F19: =IFERROR(__xludf.DUMMYFUNCTION("COUNTIFS(IMPORTRANGE('Survey Progress'!$B$33, ""data!B2:B800""), ""=""&$A19, IMPORTRANGE('Survey Progress'!$B$33, ""data!O2:O800""), ""*""&F$2&""*"")"),0.0) -> 0 | G19: =IFERROR(__xludf.DUMMYFUNCTION("COUNTIFS(IMPORTRANGE('Survey Progress'!$B$33, ""data!B2:B800""), ""=""&$A19, IMPORTRANGE('Survey Progress'!$B$33, ""data!O2:O800""), ""*""&G$2&""*"")"),0.0) -> 0 | H19: =IFERROR(__xludf.DUMMYFUNCTION("COUNTIFS(IMPORTRANGE('Survey Progress'!$B$33, ""data!B2:B800""), ""=""&$A19, IMPORTRANGE('Survey Progress'!$B$33, ""data!O2:O800""), ""*""&H$2&""*"")"),0.0) -> 0 | I19: =IFERROR(__xludf.DUMMYFUNCTION("COUNTIFS(IMPORTRANGE('Survey Progress'!$B$33, ""data!B2:B800""), ""=""&$A19, IMPORTRANGE('Survey Progress'!$B$33, ""data!O2:O800""), ""*""&I$2&""*"")"),0.0) -> 0 | J19: =IFERROR(__xludf.DUMMYFUNCTION("COUNTIFS(IMPORTRANGE('Survey Progress'!$B$33, ""data!B2:B800""), ""=""&$A19, IMPORTRANGE('Survey Progress'!$B$33, ""data!O2:O800""), ""*""&J$2&""*"")"),0.0) -> 0 | K19: =IFERROR(__xludf.DUMMYFUNCTION("COUNTIFS(IMPORTRANGE('Survey Progress'!$B$33, ""data!B2:B800""), ""=""&$A19, IMPORTRANGE('Survey Progress'!$B$33, ""data!O2:O800""), ""*""&K$2&""*"")"),0.0) -> 0 | L19: =IFERROR(__xludf.DUMMYFUNCTION("COUNTIFS(IMPORTRANGE('Survey Progress'!$B$33, ""data!B2:B800""), ""=""&$A19, IMPORTRANGE('Survey Progress'!$B$33, ""data!O2:O800""), ""*""&L$2&""*"")"),0.0) -> 0 | M19: =IFERROR(__xludf.DUMMYFUNCTION("COUNTIFS(IMPORTRANGE('Survey Progress'!$B$33, ""data!B2:B800""), ""=""&$A19, IMPORTRANGE('Survey Progress'!$B$33, ""data!O2:O800""), ""*""&M$2&""*"")"),0.0) -> 0 | N19: =IFERROR(__xludf.DUMMYFUNCTION("COUNTIFS(IMPORTRANGE('Survey Progress'!$B$33, ""data!B2:B800""), ""=""&$A19, IMPORTRANGE('Survey Progress'!$B$33, ""data!O2:O800""), ""*""&N$2&""*"")"),0.0) -> 0 | O19: =IFERROR(__xludf.DUMMYFUNCTION("COUNTIFS(IMPORTRANGE('Survey Progress'!$B$33, ""data!B2:B800""), ""=""&$A19, IMPORTRANGE('Survey Progress'!$B$33, ""data!O2:O800""), ""*""&O$2&""*"")"),0.0) -> 0 | P19: =IFERROR(__xludf.DUMMYFUNCTION("COUNTIFS(IMPORTRANGE('Survey Progress'!$B$33, ""data!B2:B800""), ""=""&$A19, IMPORTRANGE('Survey Progress'!$B$33, ""data!O2:O800""), ""*""&P$2&""*"")"),0.0) -> 0 | Q19: =IFERROR(__xludf.DUMMYFUNCTION("COUNTIFS(IMPORTRANGE('Survey Progress'!$B$33, ""data!B2:B800""), ""=""&$A19, IMPORTRANGE('Survey Progress'!$B$33, ""data!O2:O800""), ""*""&Q$2&""*"")"),0.0) -> 0 | R19: =IFERROR(__xludf.DUMMYFUNCTION("COUNTIFS(IMPORTRANGE('Survey Progress'!$B$33, ""data!B2:B800""), ""=""&$A19, IMPORTRANGE('Survey Progress'!$B$33, ""data!O2:O800""), ""*""&R$2&""*"")"),0.0) -> 0 | S19: =IFERROR(__xludf.DUMMYFUNCTION("COUNTIFS(IMPORTRANGE('Survey Progress'!$B$33, ""data!B2:B800""), ""=""&$A19, IMPORTRANGE('Survey Progress'!$B$33, ""data!O2:O800""), ""*""&S$2&""*"")"),0.0) -> 0 | T19: =IFERROR(__xludf.DUMMYFUNCTION("COUNTIFS(IMPORTRANGE('Survey Progress'!$B$33, ""data!B2:B800""), ""=""&$A19, IMPORTRANGE('Survey Progress'!$B$33, ""data!O2:O800""), ""*""&T$2&""*"")"),0.0) -> 0
A20: Armadan Chegou Indi Gana | B20: Woman | C20: =IFERROR(__xludf.DUMMYFUNCTION("COUNTIFS(IMPORTRANGE('Survey Progress'!$B$34, ""data!B2:B800""), ""=""&$A20, IMPORTRANGE('Survey Progress'!$B$34, ""data!O2:O800""), ""*""&C$2&""*"")"),0.0) -> 0 | D20: =IFERROR(__xludf.DUMMYFUNCTION("COUNTIFS(IMPORTRANGE('Survey Progress'!$B$34, ""data!B2:B800""), ""=""&$A20, IMPORTRANGE('Survey Progress'!$B$34, ""data!O2:O800""), ""*""&D$2&""*"")"),0.0) -> 0 | E20: =IFERROR(__xludf.DUMMYFUNCTION("COUNTIFS(IMPORTRANGE('Survey Progress'!$B$34, ""data!B2:B800""), ""=""&$A20, IMPORTRANGE('Survey Progress'!$B$34, ""data!O2:O800""), ""*""&E$2&""*"")"),0.0) -> 0 | F20: =IFERROR(__xludf.DUMMYFUNCTION("COUNTIFS(IMPORTRANGE('Survey Progress'!$B$34, ""data!B2:B800""), ""=""&$A20, IMPORTRANGE('Survey Progress'!$B$34, ""data!O2:O800""), ""*""&F$2&""*"")"),0.0) -> 0 | G20: =IFERROR(__xludf.DUMMYFUNCTION("COUNTIFS(IMPORTRANGE('Survey Progress'!$B$34, ""data!B2:B800""), ""=""&$A20, IMPORTRANGE('Survey Progress'!$B$34, ""data!O2:O800""), ""*""&G$2&""*"")"),0.0) -> 0 | H20: =IFERROR(__xludf.DUMMYFUNCTION("COUNTIFS(IMPORTRANGE('Survey Progress'!$B$34, ""data!B2:B800""), ""=""&$A20, IMPORTRANGE('Survey Progress'!$B$34, ""data!O2:O800""), ""*""&H$2&""*"")"),0.0) -> 0 | I20: =IFERROR(__xludf.DUMMYFUNCTION("COUNTIFS(IMPORTRANGE('Survey Progress'!$B$34, ""data!B2:B800""), ""=""&$A20, IMPORTRANGE('Survey Progress'!$B$34, ""data!O2:O800""), ""*""&I$2&""*"")"),0.0) -> 0 | J20: =IFERROR(__xludf.DUMMYFUNCTION("COUNTIFS(IMPORTRANGE('Survey Progress'!$B$34, ""data!B2:B800""), ""=""&$A20, IMPORTRANGE('Survey Progress'!$B$34, ""data!O2:O800""), ""*""&J$2&""*"")"),0.0) -> 0 | K20: =IFERROR(__xludf.DUMMYFUNCTION("COUNTIFS(IMPORTRANGE('Survey Progress'!$B$34, ""data!B2:B800""), ""=""&$A20, IMPORTRANGE('Survey Progress'!$B$34, ""data!O2:O800""), ""*""&K$2&""*"")"),0.0) -> 0 | L20: =IFERROR(__xludf.DUMMYFUNCTION("COUNTIFS(IMPORTRANGE('Survey Progress'!$B$34, ""data!B2:B800""), ""=""&$A20, IMPORTRANGE('Survey Progress'!$B$34, ""data!O2:O800""), ""*""&L$2&""*"")"),0.0) -> 0 | M20: =IFERROR(__xludf.DUMMYFUNCTION("COUNTIFS(IMPORTRANGE('Survey Progress'!$B$34, ""data!B2:B800""), ""=""&$A20, IMPORTRANGE('Survey Progress'!$B$34, ""data!O2:O800""), ""*""&M$2&""*"")"),0.0) -> 0 | N20: =IFERROR(__xludf.DUMMYFUNCTION("COUNTIFS(IMPORTRANGE('Survey Progress'!$B$34, ""data!B2:B800""), ""=""&$A20, IMPORTRANGE('Survey Progress'!$B$34, ""data!O2:O800""), ""*""&N$2&""*"")"),0.0) -> 0 | O20: =IFERROR(__xludf.DUMMYFUNCTION("COUNTIFS(IMPORTRANGE('Survey Progress'!$B$34, ""data!B2:B800""), ""=""&$A20, IMPORTRANGE('Survey Progress'!$B$34, ""data!O2:O800""), ""*""&O$2&""*"")"),0.0) -> 0 | P20: =IFERROR(__xludf.DUMMYFUNCTION("COUNTIFS(IMPORTRANGE('Survey Progress'!$B$34, ""data!B2:B800""), ""=""&$A20, IMPORTRANGE('Survey Progress'!$B$34, ""data!O2:O800""), ""*""&P$2&""*"")"),0.0) -> 0 | Q20: =IFERROR(__xludf.DUMMYFUNCTION("COUNTIFS(IMPORTRANGE('Survey Progress'!$B$34, ""data!B2:B800""), ""=""&$A20, IMPORTRANGE('Survey Progress'!$B$34, ""data!O2:O800""), ""*""&Q$2&""*"")"),0.0) -> 0 | R20: =IFERROR(__xludf.DUMMYFUNCTION("COUNTIFS(IMPORTRANGE('Survey Progress'!$B$34, ""data!B2:B800""), ""=""&$A20, IMPORTRANGE('Survey Progress'!$B$34, ""data!O2:O800""), ""*""&R$2&""*"")"),0.0) -> 0 | S20: =IFERROR(__xludf.DUMMYFUNCTION("COUNTIFS(IMPORTRANGE('Survey Progress'!$B$34, ""data!B2:B800""), ""=""&$A20, IMPORTRANGE('Survey Progress'!$B$34, ""data!O2:O800""), ""*""&S$2&""*"")"),0.0) -> 0 | T20: =IFERROR(__xludf.DUMMYFUNCTION("COUNTIFS(IMPORTRANGE('Survey Progress'!$B$34, ""data!B2:B800""), ""=""&$A20, IMPORTRANGE('Survey Progress'!$B$34, ""data!O2:O800""), ""*""&T$2&""*"")"),0.0) -> 0
A21: Oumou Elher Sadi | B21: Screening & HHH | C21: =IFERROR(__xludf.DUMMYFUNCTION("COUNTIFS(IMPORTRANGE('Survey Progress'!$B$32, ""data!$B$2:$B$800""), ""=""&$A21, IMPORTRANGE('Survey Progress'!$B$32, ""data!$S$2:$S$800""), ""*""&C$2&""*"")"),0.0) -> 0 | D21: =IFERROR(__xludf.DUMMYFUNCTION("COUNTIFS(IMPORTRANGE('Survey Progress'!$B$32, ""data!$B$2:$B$800""), ""=""&$A21, IMPORTRANGE('Survey Progress'!$B$32, ""data!$S$2:$S$800""), ""*""&D$2&""*"")"),0.0) -> 0 | E21: =IFERROR(__xludf.DUMMYFUNCTION("COUNTIFS(IMPORTRANGE('Survey Progress'!$B$32, ""data!$B$2:$B$800""), ""=""&$A21, IMPORTRANGE('Survey Progress'!$B$32, ""data!$S$2:$S$800""), ""*""&E$2&""*"")"),0.0) -> 0 | F21: =IFERROR(__xludf.DUMMYFUNCTION("COUNTIFS(IMPORTRANGE('Survey Progress'!$B$32, ""data!$B$2:$B$800""), ""=""&$A21, IMPORTRANGE('Survey Progress'!$B$32, ""data!$S$2:$S$800""), ""*""&F$2&""*"")"),0.0) -> 0 | G21: =IFERROR(__xludf.DUMMYFUNCTION("COUNTIFS(IMPORTRANGE('Survey Progress'!$B$32, ""data!$B$2:$B$800""), ""=""&$A21, IMPORTRANGE('Survey Progress'!$B$32, ""data!$S$2:$S$800""), ""*""&G$2&""*"")"),0.0) -> 0 | H21: =IFERROR(__xludf.DUMMYFUNCTION("COUNTIFS(IMPORTRANGE('Survey Progress'!$B$32, ""data!$B$2:$B$800""), ""=""&$A21, IMPORTRANGE('Survey Progress'!$B$32, ""data!$S$2:$S$800""), ""*""&H$2&""*"")"),0.0) -> 0 | I21: =IFERROR(__xludf.DUMMYFUNCTION("COUNTIFS(IMPORTRANGE('Survey Progress'!$B$32, ""data!$B$2:$B$800""), ""=""&$A21, IMPORTRANGE('Survey Progress'!$B$32, ""data!$S$2:$S$800""), ""*""&I$2&""*"")"),0.0) -> 0 | J21: =IFERROR(__xludf.DUMMYFUNCTION("COUNTIFS(IMPORTRANGE('Survey Progress'!$B$32, ""data!$B$2:$B$800""), ""=""&$A21, IMPORTRANGE('Survey Progress'!$B$32, ""data!$S$2:$S$800""), ""*""&J$2&""*"")"),0.0) -> 0 | K21: =IFERROR(__xludf.DUMMYFUNCTION("COUNTIFS(IMPORTRANGE('Survey Progress'!$B$32, ""data!$B$2:$B$800""), ""=""&$A21, IMPORTRANGE('Survey Progress'!$B$32, ""data!$S$2:$S$800""), ""*""&K$2&""*"")"),0.0) -> 0 | L21: =IFERROR(__xludf.DUMMYFUNCTION("COUNTIFS(IMPORTRANGE('Survey Progress'!$B$32, ""data!$B$2:$B$800""), ""=""&$A21, IMPORTRANGE('Survey Progress'!$B$32, ""data!$S$2:$S$800""), ""*""&L$2&""*"")"),0.0) -> 0 | M21: =IFERROR(__xludf.DUMMYFUNCTION("COUNTIFS(IMPORTRANGE('Survey Progress'!$B$32, ""data!$B$2:$B$800""), ""=""&$A21, IMPORTRANGE('Survey Progress'!$B$32, ""data!$S$2:$S$800""), ""*""&M$2&""*"")"),0.0) -> 0 | N21: =IFERROR(__xludf.DUMMYFUNCTION("COUNTIFS(IMPORTRANGE('Survey Progress'!$B$32, ""data!$B$2:$B$800""), ""=""&$A21, IMPORTRANGE('Survey Progress'!$B$32, ""data!$S$2:$S$800""), ""*""&N$2&""*"")"),0.0) -> 0 | O21: =IFERROR(__xludf.DUMMYFUNCTION("COUNTIFS(IMPORTRANGE('Survey Progress'!$B$32, ""data!$B$2:$B$800""), ""=""&$A21, IMPORTRANGE('Survey Progress'!$B$32, ""data!$S$2:$S$800""), ""*""&O$2&""*"")"),0.0) -> 0 | P21: =IFERROR(__xludf.DUMMYFUNCTION("COUNTIFS(IMPORTRANGE('Survey Progress'!$B$32, ""data!$B$2:$B$800""), ""=""&$A21, IMPORTRANGE('Survey Progress'!$B$32, ""data!$S$2:$S$800""), ""*""&P$2&""*"")"),0.0) -> 0 | Q21: =IFERROR(__xludf.DUMMYFUNCTION("COUNTIFS(IMPORTRANGE('Survey Progress'!$B$32, ""data!$B$2:$B$800""), ""=""&$A21, IMPORTRANGE('Survey Progress'!$B$32, ""data!$S$2:$S$800""), ""*""&Q$2&""*"")"),0.0) -> 0 | R21: =IFERROR(__xludf.DUMMYFUNCTION("COUNTIFS(IMPORTRANGE('Survey Progress'!$B$32, ""data!$B$2:$B$800""), ""=""&$A21, IMPORTRANGE('Survey Progress'!$B$32, ""data!$S$2:$S$800""), ""*""&R$2&""*"")"),0.0) -> 0 | S21: =IFERROR(__xludf.DUMMYFUNCTION("COUNTIFS(IMPORTRANGE('Survey Progress'!$B$32, ""data!$B$2:$B$800""), ""=""&$A21, IMPORTRANGE('Survey Progress'!$B$32, ""data!$S$2:$S$800""), ""*""&S$2&""*"")"),0.0) -> 0 | T21: =IFERROR(__xludf.DUMMYFUNCTION("COUNTIFS(IMPORTRANGE('Survey Progress'!$B$32, ""data!$B$2:$B$800""), ""=""&$A21, IMPORTRANGE('Survey Progress'!$B$32, ""data!$S$2:$S$800""), ""*""&T$2&""*"")"),0.0) -> 0
A22: Oumou Elher Sadi | B22: PM | C22: =IFERROR(__xludf.DUMMYFUNCTION("COUNTIFS(IMPORTRANGE('Survey Progress'!$B$33, ""data!B2:B800""), ""=""&$A22, IMPORTRANGE('Survey Progress'!$B$33, ""data!O2:O800""), ""*""&C$2&""*"")"),0.0) -> 0 | D22: =IFERROR(__xludf.DUMMYFUNCTION("COUNTIFS(IMPORTRANGE('Survey Progress'!$B$33, ""data!B2:B800""), ""=""&$A22, IMPORTRANGE('Survey Progress'!$B$33, ""data!O2:O800""), ""*""&D$2&""*"")"),0.0) -> 0 | E22: =IFERROR(__xludf.DUMMYFUNCTION("COUNTIFS(IMPORTRANGE('Survey Progress'!$B$33, ""data!B2:B800""), ""=""&$A22, IMPORTRANGE('Survey Progress'!$B$33, ""data!O2:O800""), ""*""&E$2&""*"")"),0.0) -> 0 | F22: =IFERROR(__xludf.DUMMYFUNCTION("COUNTIFS(IMPORTRANGE('Survey Progress'!$B$33, ""data!B2:B800""), ""=""&$A22, IMPORTRANGE('Survey Progress'!$B$33, ""data!O2:O800""), ""*""&F$2&""*"")"),0.0) -> 0 | G22: =IFERROR(__xludf.DUMMYFUNCTION("COUNTIFS(IMPORTRANGE('Survey Progress'!$B$33, ""data!B2:B800""), ""=""&$A22, IMPORTRANGE('Survey Progress'!$B$33, ""data!O2:O800""), ""*""&G$2&""*"")"),0.0) -> 0 | H22: =IFERROR(__xludf.DUMMYFUNCTION("COUNTIFS(IMPORTRANGE('Survey Progress'!$B$33, ""data!B2:B800""), ""=""&$A22, IMPORTRANGE('Survey Progress'!$B$33, ""data!O2:O800""), ""*""&H$2&""*"")"),0.0) -> 0 | I22: =IFERROR(__xludf.DUMMYFUNCTION("COUNTIFS(IMPORTRANGE('Survey Progress'!$B$33, ""data!B2:B800""), ""=""&$A22, IMPORTRANGE('Survey Progress'!$B$33, ""data!O2:O800""), ""*""&I$2&""*"")"),0.0) -> 0 | J22: =IFERROR(__xludf.DUMMYFUNCTION("COUNTIFS(IMPORTRANGE('Survey Progress'!$B$33, ""data!B2:B800""), ""=""&$A22, IMPORTRANGE('Survey Progress'!$B$33, ""data!O2:O800""), ""*""&J$2&""*"")"),0.0) -> 0 | K22: =IFERROR(__xludf.DUMMYFUNCTION("COUNTIFS(IMPORTRANGE('Survey Progress'!$B$33, ""data!B2:B800""), ""=""&$A22, IMPORTRANGE('Survey Progress'!$B$33, ""data!O2:O800""), ""*""&K$2&""*"")"),0.0) -> 0 | L22: =IFERROR(__xludf.DUMMYFUNCTION("COUNTIFS(IMPORTRANGE('Survey Progress'!$B$33, ""data!B2:B800""), ""=""&$A22, IMPORTRANGE('Survey Progress'!$B$33, ""data!O2:O800""), ""*""&L$2&""*"")"),0.0) -> 0 | M22: =IFERROR(__xludf.DUMMYFUNCTION("COUNTIFS(IMPORTRANGE('Survey Progress'!$B$33, ""data!B2:B800""), ""=""&$A22, IMPORTRANGE('Survey Progress'!$B$33, ""data!O2:O800""), ""*""&M$2&""*"")"),0.0) -> 0 | N22: =IFERROR(__xludf.DUMMYFUNCTION("COUNTIFS(IMPORTRANGE('Survey Progress'!$B$33, ""data!B2:B800""), ""=""&$A22, IMPORTRANGE('Survey Progress'!$B$33, ""data!O2:O800""), ""*""&N$2&""*"")"),0.0) -> 0 | O22: =IFERROR(__xludf.DUMMYFUNCTION("COUNTIFS(IMPORTRANGE('Survey Progress'!$B$33, ""data!B2:B800""), ""=""&$A22, IMPORTRANGE('Survey Progress'!$B$33, ""data!O2:O800""), ""*""&O$2&""*"")"),0.0) -> 0 | P22: =IFERROR(__xludf.DUMMYFUNCTION("COUNTIFS(IMPORTRANGE('Survey Progress'!$B$33, ""data!B2:B800""), ""=""&$A22, IMPORTRANGE('Survey Progress'!$B$33, ""data!O2:O800""), ""*""&P$2&""*"")"),0.0) -> 0 | Q22: =IFERROR(__xludf.DUMMYFUNCTION("COUNTIFS(IMPORTRANGE('Survey Progress'!$B$33, ""data!B2:B800""), ""=""&$A22, IMPORTRANGE('Survey Progress'!$B$33, ""data!O2:O800""), ""*""&Q$2&""*"")"),0.0) -> 0 | R22: =IFERROR(__xludf.DUMMYFUNCTION("COUNTIFS(IMPORTRANGE('Survey Progress'!$B$33, ""data!B2:B800""), ""=""&$A22, IMPORTRANGE('Survey Progress'!$B$33, ""data!O2:O800""), ""*""&R$2&""*"")"),0.0) -> 0 | S22: =IFERROR(__xludf.DUMMYFUNCTION("COUNTIFS(IMPORTRANGE('Survey Progress'!$B$33, ""data!B2:B800""), ""=""&$A22, IMPORTRANGE('Survey Progress'!$B$33, ""data!O2:O800""), ""*""&S$2&""*"")"),0.0) -> 0 | T22: =IFERROR(__xludf.DUMMYFUNCTION("COUNTIFS(IMPORTRANGE('Survey Progress'!$B$33, ""data!B2:B800""), ""=""&$A22, IMPORTRANGE('Survey Progress'!$B$33, ""data!O2:O800""), ""*""&T$2&""*"")"),0.0) -> 0
A23: Oumou Elher Sadi | B23: Woman | C23: =IFERROR(__xludf.DUMMYFUNCTION("COUNTIFS(IMPORTRANGE('Survey Progress'!$B$34, ""data!B2:B800""), ""=""&$A23, IMPORTRANGE('Survey Progress'!$B$34, ""data!O2:O800""), ""*""&C$2&""*"")"),0.0) -> 0 | D23: =IFERROR(__xludf.DUMMYFUNCTION("COUNTIFS(IMPORTRANGE('Survey Progress'!$B$34, ""data!B2:B800""), ""=""&$A23, IMPORTRANGE('Survey Progress'!$B$34, ""data!O2:O800""), ""*""&D$2&""*"")"),0.0) -> 0 | E23: =IFERROR(__xludf.DUMMYFUNCTION("COUNTIFS(IMPORTRANGE('Survey Progress'!$B$34, ""data!B2:B800""), ""=""&$A23, IMPORTRANGE('Survey Progress'!$B$34, ""data!O2:O800""), ""*""&E$2&""*"")"),0.0) -> 0 | F23: =IFERROR(__xludf.DUMMYFUNCTION("COUNTIFS(IMPORTRANGE('Survey Progress'!$B$34, ""data!B2:B800""), ""=""&$A23, IMPORTRANGE('Survey Progress'!$B$34, ""data!O2:O800""), ""*""&F$2&""*"")"),0.0) -> 0 | G23: =IFERROR(__xludf.DUMMYFUNCTION("COUNTIFS(IMPORTRANGE('Survey Progress'!$B$34, ""data!B2:B800""), ""=""&$A23, IMPORTRANGE('Survey Progress'!$B$34, ""data!O2:O800""), ""*""&G$2&""*"")"),0.0) -> 0 | H23: =IFERROR(__xludf.DUMMYFUNCTION("COUNTIFS(IMPORTRANGE('Survey Progress'!$B$34, ""data!B2:B800""), ""=""&$A23, IMPORTRANGE('Survey Progress'!$B$34, ""data!O2:O800""), ""*""&H$2&""*"")"),0.0) -> 0 | I23: =IFERROR(__xludf.DUMMYFUNCTION("COUNTIFS(IMPORTRANGE('Survey Progress'!$B$34, ""data!B2:B800""), ""=""&$A23, IMPORTRANGE('Survey Progress'!$B$34, ""data!O2:O800""), ""*""&I$2&""*"")"),0.0) -> 0 | J23: =IFERROR(__xludf.DUMMYFUNCTION("COUNTIFS(IMPORTRANGE('Survey Progress'!$B$34, ""data!B2:B800""), ""=""&$A23, IMPORTRANGE('Survey Progress'!$B$34, ""data!O2:O800""), ""*""&J$2&""*"")"),0.0) -> 0 | K23: =IFERROR(__xludf.DUMMYFUNCTION("COUNTIFS(IMPORTRANGE('Survey Progress'!$B$34, ""data!B2:B800""), ""=""&$A23, IMPORTRANGE('Survey Progress'!$B$34, ""data!O2:O800""), ""*""&K$2&""*"")"),0.0) -> 0 | L23: =IFERROR(__xludf.DUMMYFUNCTION("COUNTIFS(IMPORTRANGE('Survey Progress'!$B$34, ""data!B2:B800""), ""=""&$A23, IMPORTRANGE('Survey Progress'!$B$34, ""data!O2:O800""), ""*""&L$2&""*"")"),0.0) -> 0 | M23: =IFERROR(__xludf.DUMMYFUNCTION("COUNTIFS(IMPORTRANGE('Survey Progress'!$B$34, ""data!B2:B800""), ""=""&$A23, IMPORTRANGE('Survey Progress'!$B$34, ""data!O2:O800""), ""*""&M$2&""*"")"),0.0) -> 0 | N23: =IFERROR(__xludf.DUMMYFUNCTION("COUNTIFS(IMPORTRANGE('Survey Progress'!$B$34, ""data!B2:B800""), ""=""&$A23, IMPORTRANGE('Survey Progress'!$B$34, ""data!O2:O800""), ""*""&N$2&""*"")"),0.0) -> 0 | O23: =IFERROR(__xludf.DUMMYFUNCTION("COUNTIFS(IMPORTRANGE('Survey Progress'!$B$34, ""data!B2:B800""), ""=""&$A23, IMPORTRANGE('Survey Progress'!$B$34, ""data!O2:O800""), ""*""&O$2&""*"")"),0.0) -> 0 | P23: =IFERROR(__xludf.DUMMYFUNCTION("COUNTIFS(IMPORTRANGE('Survey Progress'!$B$34, ""data!B2:B800""), ""=""&$A23, IMPORTRANGE('Survey Progress'!$B$34, ""data!O2:O800""), ""*""&P$2&""*"")"),0.0) -> 0 | Q23: =IFERROR(__xludf.DUMMYFUNCTION("COUNTIFS(IMPORTRANGE('Survey Progress'!$B$34, ""data!B2:B800""), ""=""&$A23, IMPORTRANGE('Survey Progress'!$B$34, ""data!O2:O800""), ""*""&Q$2&""*"")"),0.0) -> 0 | R23: =IFERROR(__xludf.DUMMYFUNCTION("COUNTIFS(IMPORTRANGE('Survey Progress'!$B$34, ""data!B2:B800""), ""=""&$A23, IMPORTRANGE('Survey Progress'!$B$34, ""data!O2:O800""), ""*""&R$2&""*"")"),0.0) -> 0 | S23: =IFERROR(__xludf.DUMMYFUNCTION("COUNTIFS(IMPORTRANGE('Survey Progress'!$B$34, ""data!B2:B800""), ""=""&$A23, IMPORTRANGE('Survey Progress'!$B$34, ""data!O2:O800""), ""*""&S$2&""*"")"),0.0) -> 0 | T23: =IFERROR(__xludf.DUMMYFUNCTION("COUNTIFS(IMPORTRANGE('Survey Progress'!$B$34, ""data!B2:B800""), ""=""&$A23, IMPORTRANGE('Survey Progress'!$B$34, ""data!O2:O800""), ""*""&T$2&""*"")"),0.0) -> 0
A24: Fatchima Tanko | B24: Screening & HHH | C24: =IFERROR(__xludf.DUMMYFUNCTION("COUNTIFS(IMPORTRANGE('Survey Progress'!$B$32, ""data!$B$2:$B$800""), ""=""&$A24, IMPORTRANGE('Survey Progress'!$B$32, ""data!$S$2:$S$800""), ""*""&C$2&""*"")"),0.0) -> 0 | D24: =IFERROR(__xludf.DUMMYFUNCTION("COUNTIFS(IMPORTRANGE('Survey Progress'!$B$32, ""data!$B$2:$B$800""), ""=""&$A24, IMPORTRANGE('Survey Progress'!$B$32, ""data!$S$2:$S$800""), ""*""&D$2&""*"")"),0.0) -> 0 | E24: =IFERROR(__xludf.DUMMYFUNCTION("COUNTIFS(IMPORTRANGE('Survey Progress'!$B$32, ""data!$B$2:$B$800""), ""=""&$A24, IMPORTRANGE('Survey Progress'!$B$32, ""data!$S$2:$S$800""), ""*""&E$2&""*"")"),0.0) -> 0 | F24: =IFERROR(__xludf.DUMMYFUNCTION("COUNTIFS(IMPORTRANGE('Survey Progress'!$B$32, ""data!$B$2:$B$800""), ""=""&$A24, IMPORTRANGE('Survey Progress'!$B$32, ""data!$S$2:$S$800""), ""*""&F$2&""*"")"),0.0) -> 0 | G24: =IFERROR(__xludf.DUMMYFUNCTION("COUNTIFS(IMPORTRANGE('Survey Progress'!$B$32, ""data!$B$2:$B$800""), ""=""&$A24, IMPORTRANGE('Survey Progress'!$B$32, ""data!$S$2:$S$800""), ""*""&G$2&""*"")"),0.0) -> 0 | H24: =IFERROR(__xludf.DUMMYFUNCTION("COUNTIFS(IMPORTRANGE('Survey Progress'!$B$32, ""data!$B$2:$B$800""), ""=""&$A24, IMPORTRANGE('Survey Progress'!$B$32, ""data!$S$2:$S$800""), ""*""&H$2&""*"")"),0.0) -> 0 | I24: =IFERROR(__xludf.DUMMYFUNCTION("COUNTIFS(IMPORTRANGE('Survey Progress'!$B$32, ""data!$B$2:$B$800""), ""=""&$A24, IMPORTRANGE('Survey Progress'!$B$32, ""data!$S$2:$S$800""), ""*""&I$2&""*"")"),0.0) -> 0 | J24: =IFERROR(__xludf.DUMMYFUNCTION("COUNTIFS(IMPORTRANGE('Survey Progress'!$B$32, ""data!$B$2:$B$800""), ""=""&$A24, IMPORTRANGE('Survey Progress'!$B$32, ""data!$S$2:$S$800""), ""*""&J$2&""*"")"),0.0) -> 0 | K24: =IFERROR(__xludf.DUMMYFUNCTION("COUNTIFS(IMPORTRANGE('Survey Progress'!$B$32, ""data!$B$2:$B$800""), ""=""&$A24, IMPORTRANGE('Survey Progress'!$B$32, ""data!$S$2:$S$800""), ""*""&K$2&""*"")"),0.0) -> 0 | L24: =IFERROR(__xludf.DUMMYFUNCTION("COUNTIFS(IMPORTRANGE('Survey Progress'!$B$32, ""data!$B$2:$B$800""), ""=""&$A24, IMPORTRANGE('Survey Progress'!$B$32, ""data!$S$2:$S$800""), ""*""&L$2&""*"")"),0.0) -> 0 | M24: =IFERROR(__xludf.DUMMYFUNCTION("COUNTIFS(IMPORTRANGE('Survey Progress'!$B$32, ""data!$B$2:$B$800""), ""=""&$A24, IMPORTRANGE('Survey Progress'!$B$32, ""data!$S$2:$S$800""), ""*""&M$2&""*"")"),0.0) -> 0 | N24: =IFERROR(__xludf.DUMMYFUNCTION("COUNTIFS(IMPORTRANGE('Survey Progress'!$B$32, ""data!$B$2:$B$800""), ""=""&$A24, IMPORTRANGE('Survey Progress'!$B$32, ""data!$S$2:$S$800""), ""*""&N$2&""*"")"),0.0) -> 0 | O24: =IFERROR(__xludf.DUMMYFUNCTION("COUNTIFS(IMPORTRANGE('Survey Progress'!$B$32, ""data!$B$2:$B$800""), ""=""&$A24, IMPORTRANGE('Survey Progress'!$B$32, ""data!$S$2:$S$800""), ""*""&O$2&""*"")"),0.0) -> 0 | P24: =IFERROR(__xludf.DUMMYFUNCTION("COUNTIFS(IMPORTRANGE('Survey Progress'!$B$32, ""data!$B$2:$B$800""), ""=""&$A24, IMPORTRANGE('Survey Progress'!$B$32, ""data!$S$2:$S$800""), ""*""&P$2&""*"")"),0.0) -> 0 | Q24: =IFERROR(__xludf.DUMMYFUNCTION("COUNTIFS(IMPORTRANGE('Survey Progress'!$B$32, ""data!$B$2:$B$800""), ""=""&$A24, IMPORTRANGE('Survey Progress'!$B$32, ""data!$S$2:$S$800""), ""*""&Q$2&""*"")"),0.0) -> 0 | R24: =IFERROR(__xludf.DUMMYFUNCTION("COUNTIFS(IMPORTRANGE('Survey Progress'!$B$32, ""data!$B$2:$B$800""), ""=""&$A24, IMPORTRANGE('Survey Progress'!$B$32, ""data!$S$2:$S$800""), ""*""&R$2&""*"")"),0.0) -> 0 | S24: =IFERROR(__xludf.DUMMYFUNCTION("COUNTIFS(IMPORTRANGE('Survey Progress'!$B$32, ""data!$B$2:$B$800""), ""=""&$A24, IMPORTRANGE('Survey Progress'!$B$32, ""data!$S$2:$S$800""), ""*""&S$2&""*"")"),0.0) -> 0 | T24: =IFERROR(__xludf.DUMMYFUNCTION("COUNTIFS(IMPORTRANGE('Survey Progress'!$B$32, ""data!$B$2:$B$800""), ""=""&$A24, IMPORTRANGE('Survey Progress'!$B$32, ""data!$S$2:$S$800""), ""*""&T$2&""*"")"),0.0) -> 0
A25: Fatchima Tanko | B25: PM | C25: =IFERROR(__xludf.DUMMYFUNCTION("COUNTIFS(IMPORTRANGE('Survey Progress'!$B$33, ""data!B2:B800""), ""=""&$A25, IMPORTRANGE('Survey Progress'!$B$33, ""data!O2:O800""), ""*""&C$2&""*"")"),0.0) -> 0 | D25: =IFERROR(__xludf.DUMMYFUNCTION("COUNTIFS(IMPORTRANGE('Survey Progress'!$B$33, ""data!B2:B800""), ""=""&$A25, IMPORTRANGE('Survey Progress'!$B$33, ""data!O2:O800""), ""*""&D$2&""*"")"),0.0) -> 0 | E25: =IFERROR(__xludf.DUMMYFUNCTION("COUNTIFS(IMPORTRANGE('Survey Progress'!$B$33, ""data!B2:B800""), ""=""&$A25, IMPORTRANGE('Survey Progress'!$B$33, ""data!O2:O800""), ""*""&E$2&""*"")"),0.0) -> 0 | F25: =IFERROR(__xludf.DUMMYFUNCTION("COUNTIFS(IMPORTRANGE('Survey Progress'!$B$33, ""data!B2:B800""), ""=""&$A25, IMPORTRANGE('Survey Progress'!$B$33, ""data!O2:O800""), ""*""&F$2&""*"")"),0.0) -> 0 | G25: =IFERROR(__xludf.DUMMYFUNCTION("COUNTIFS(IMPORTRANGE('Survey Progress'!$B$33, ""data!B2:B800""), ""=""&$A25, IMPORTRANGE('Survey Progress'!$B$33, ""data!O2:O800""), ""*""&G$2&""*"")"),0.0) -> 0 | H25: =IFERROR(__xludf.DUMMYFUNCTION("COUNTIFS(IMPORTRANGE('Survey Progress'!$B$33, ""data!B2:B800""), ""=""&$A25, IMPORTRANGE('Survey Progress'!$B$33, ""data!O2:O800""), ""*""&H$2&""*"")"),0.0) -> 0 | I25: =IFERROR(__xludf.DUMMYFUNCTION("COUNTIFS(IMPORTRANGE('Survey Progress'!$B$33, ""data!B2:B800""), ""=""&$A25, IMPORTRANGE('Survey Progress'!$B$33, ""data!O2:O800""), ""*""&I$2&""*"")"),0.0) -> 0 | J25: =IFERROR(__xludf.DUMMYFUNCTION("COUNTIFS(IMPORTRANGE('Survey Progress'!$B$33, ""data!B2:B800""), ""=""&$A25, IMPORTRANGE('Survey Progress'!$B$33, ""data!O2:O800""), ""*""&J$2&""*"")"),0.0) -> 0 | K25: =IFERROR(__xludf.DUMMYFUNCTION("COUNTIFS(IMPORTRANGE('Survey Progress'!$B$33, ""data!B2:B800""), ""=""&$A25, IMPORTRANGE('Survey Progress'!$B$33, ""data!O2:O800""), ""*""&K$2&""*"")"),0.0) -> 0 | L25: =IFERROR(__xludf.DUMMYFUNCTION("COUNTIFS(IMPORTRANGE('Survey Progress'!$B$33, ""data!B2:B800""), ""=""&$A25, IMPORTRANGE('Survey Progress'!$B$33, ""data!O2:O800""), ""*""&L$2&""*"")"),0.0) -> 0 | M25: =IFERROR(__xludf.DUMMYFUNCTION("COUNTIFS(IMPORTRANGE('Survey Progress'!$B$33, ""data!B2:B800""), ""=""&$A25, IMPORTRANGE('Survey Progress'!$B$33, ""data!O2:O800""), ""*""&M$2&""*"")"),0.0) -> 0 | N25: =IFERROR(__xludf.DUMMYFUNCTION("COUNTIFS(IMPORTRANGE('Survey Progress'!$B$33, ""data!B2:B800""), ""=""&$A25, IMPORTRANGE('Survey Progress'!$B$33, ""data!O2:O800""), ""*""&N$2&""*"")"),0.0) -> 0 | O25: =IFERROR(__xludf.DUMMYFUNCTION("COUNTIFS(IMPORTRANGE('Survey Progress'!$B$33, ""data!B2:B800""), ""=""&$A25, IMPORTRANGE('Survey Progress'!$B$33, ""data!O2:O800""), ""*""&O$2&""*"")"),0.0) -> 0 | P25: =IFERROR(__xludf.DUMMYFUNCTION("COUNTIFS(IMPORTRANGE('Survey Progress'!$B$33, ""data!B2:B800""), ""=""&$A25, IMPORTRANGE('Survey Progress'!$B$33, ""data!O2:O800""), ""*""&P$2&""*"")"),0.0) -> 0 | Q25: =IFERROR(__xludf.DUMMYFUNCTION("COUNTIFS(IMPORTRANGE('Survey Progress'!$B$33, ""data!B2:B800""), ""=""&$A25, IMPORTRANGE('Survey Progress'!$B$33, ""data!O2:O800""), ""*""&Q$2&""*"")"),0.0) -> 0 | R25: =IFERROR(__xludf.DUMMYFUNCTION("COUNTIFS(IMPORTRANGE('Survey Progress'!$B$33, ""data!B2:B800""), ""=""&$A25, IMPORTRANGE('Survey Progress'!$B$33, ""data!O2:O800""), ""*""&R$2&""*"")"),0.0) -> 0 | S25: =IFERROR(__xludf.DUMMYFUNCTION("COUNTIFS(IMPORTRANGE('Survey Progress'!$B$33, ""data!B2:B800""), ""=""&$A25, IMPORTRANGE('Survey Progress'!$B$33, ""data!O2:O800""), ""*""&S$2&""*"")"),0.0) -> 0 | T25: =IFERROR(__xludf.DUMMYFUNCTION("COUNTIFS(IMPORTRANGE('Survey Progress'!$B$33, ""data!B2:B800""), ""=""&$A25, IMPORTRANGE('Survey Progress'!$B$33, ""data!O2:O800""), ""*""&T$2&""*"")"),0.0) -> 0
A26: Fatchima Tanko | B26: Woman | C26: =IFERROR(__xludf.DUMMYFUNCTION("COUNTIFS(IMPORTRANGE('Survey Progress'!$B$34, ""data!B2:B800""), ""=""&$A26, IMPORTRANGE('Survey Progress'!$B$34, ""data!O2:O800""), ""*""&C$2&""*"")"),0.0) -> 0 | D26: =IFERROR(__xludf.DUMMYFUNCTION("COUNTIFS(IMPORTRANGE('Survey Progress'!$B$34, ""data!B2:B800""), ""=""&$A26, IMPORTRANGE('Survey Progress'!$B$34, ""data!O2:O800""), ""*""&D$2&""*"")"),0.0) -> 0 | E26: =IFERROR(__xludf.DUMMYFUNCTION("COUNTIFS(IMPORTRANGE('Survey Progress'!$B$34, ""data!B2:B800""), ""=""&$A26, IMPORTRANGE('Survey Progress'!$B$34, ""data!O2:O800""), ""*""&E$2&""*"")"),0.0) -> 0 | F26: =IFERROR(__xludf.DUMMYFUNCTION("COUNTIFS(IMPORTRANGE('Survey Progress'!$B$34, ""data!B2:B800""), ""=""&$A26, IMPORTRANGE('Survey Progress'!$B$34, ""data!O2:O800""), ""*""&F$2&""*"")"),0.0) -> 0 | G26: =IFERROR(__xludf.DUMMYFUNCTION("COUNTIFS(IMPORTRANGE('Survey Progress'!$B$34, ""data!B2:B800""), ""=""&$A26, IMPORTRANGE('Survey Progress'!$B$34, ""data!O2:O800""), ""*""&G$2&""*"")"),0.0) -> 0 | H26: =IFERROR(__xludf.DUMMYFUNCTION("COUNTIFS(IMPORTRANGE('Survey Progress'!$B$34, ""data!B2:B800""), ""=""&$A26, IMPORTRANGE('Survey Progress'!$B$34, ""data!O2:O800""), ""*""&H$2&""*"")"),0.0) -> 0 | I26: =IFERROR(__xludf.DUMMYFUNCTION("COUNTIFS(IMPORTRANGE('Survey Progress'!$B$34, ""data!B2:B800""), ""=""&$A26, IMPORTRANGE('Survey Progress'!$B$34, ""data!O2:O800""), ""*""&I$2&""*"")"),0.0) -> 0 | J26: =IFERROR(__xludf.DUMMYFUNCTION("COUNTIFS(IMPORTRANGE('Survey Progress'!$B$34, ""data!B2:B800""), ""=""&$A26, IMPORTRANGE('Survey Progress'!$B$34, ""data!O2:O800""), ""*""&J$2&""*"")"),0.0) -> 0 | K26: =IFERROR(__xludf.DUMMYFUNCTION("COUNTIFS(IMPORTRANGE('Survey Progress'!$B$34, ""data!B2:B800""), ""=""&$A26, IMPORTRANGE('Survey Progress'!$B$34, ""data!O2:O800""), ""*""&K$2&""*"")"),0.0) -> 0 | L26: =IFERROR(__xludf.DUMMYFUNCTION("COUNTIFS(IMPORTRANGE('Survey Progress'!$B$34, ""data!B2:B800""), ""=""&$A26, IMPORTRANGE('Survey Progress'!$B$34, ""data!O2:O800""), ""*""&L$2&""*"")"),0.0) -> 0 | M26: =IFERROR(__xludf.DUMMYFUNCTION("COUNTIFS(IMPORTRANGE('Survey Progress'!$B$34, ""data!B2:B800""), ""=""&$A26, IMPORTRANGE('Survey Progress'!$B$34, ""data!O2:O800""), ""*""&M$2&""*"")"),0.0) -> 0 | N26: =IFERROR(__xludf.DUMMYFUNCTION("COUNTIFS(IMPORTRANGE('Survey Progress'!$B$34, ""data!B2:B800""), ""=""&$A26, IMPORTRANGE('Survey Progress'!$B$34, ""data!O2:O800""), ""*""&N$2&""*"")"),0.0) -> 0 | O26: =IFERROR(__xludf.DUMMYFUNCTION("COUNTIFS(IMPORTRANGE('Survey Progress'!$B$34, ""data!B2:B800""), ""=""&$A26, IMPORTRANGE('Survey Progress'!$B$34, ""data!O2:O800""), ""*""&O$2&""*"")"),0.0) -> 0 | P26: =IFERROR(__xludf.DUMMYFUNCTION("COUNTIFS(IMPORTRANGE('Survey Progress'!$B$34, ""data!B2:B800""), ""=""&$A26, IMPORTRANGE('Survey Progress'!$B$34, ""data!O2:O800""), ""*""&P$2&""*"")"),0.0) -> 0 | Q26: =IFERROR(__xludf.DUMMYFUNCTION("COUNTIFS(IMPORTRANGE('Survey Progress'!$B$34, ""data!B2:B800""), ""=""&$A26, IMPORTRANGE('Survey Progress'!$B$34, ""data!O2:O800""), ""*""&Q$2&""*"")"),0.0) -> 0 | R26: =IFERROR(__xludf.DUMMYFUNCTION("COUNTIFS(IMPORTRANGE('Survey Progress'!$B$34, ""data!B2:B800""), ""=""&$A26, IMPORTRANGE('Survey Progress'!$B$34, ""data!O2:O800""), ""*""&R$2&""*"")"),0.0) -> 0 | S26: =IFERROR(__xludf.DUMMYFUNCTION("COUNTIFS(IMPORTRANGE('Survey Progress'!$B$34, ""data!B2:B800""), ""=""&$A26, IMPORTRANGE('Survey Progress'!$B$34, ""data!O2:O800""), ""*""&S$2&""*"")"),0.0) -> 0 | T26: =IFERROR(__xludf.DUMMYFUNCTION("COUNTIFS(IMPORTRANGE('Survey Progress'!$B$34, ""data!B2:B800""), ""=""&$A26, IMPORTRANGE('Survey Progress'!$B$34, ""data!O2:O800""), ""*""&T$2&""*"")"),0.0) -> 0
A27: Issaka Ali Ibrahim | B27: Screening & HHH | C27: =IFERROR(__xludf.DUMMYFUNCTION("COUNTIFS(IMPORTRANGE('Survey Progress'!$B$32, ""data!$B$2:$B$800""), ""=""&$A27, IMPORTRANGE('Survey Progress'!$B$32, ""data!$S$2:$S$800""), ""*""&C$2&""*"")"),0.0) -> 0 | D27: =IFERROR(__xludf.DUMMYFUNCTION("COUNTIFS(IMPORTRANGE('Survey Progress'!$B$32, ""data!$B$2:$B$800""), ""=""&$A27, IMPORTRANGE('Survey Progress'!$B$32, ""data!$S$2:$S$800""), ""*""&D$2&""*"")"),0.0) -> 0 | E27: =IFERROR(__xludf.DUMMYFUNCTION("COUNTIFS(IMPORTRANGE('Survey Progress'!$B$32, ""data!$B$2:$B$800""), ""=""&$A27, IMPORTRANGE('Survey Progress'!$B$32, ""data!$S$2:$S$800""), ""*""&E$2&""*"")"),0.0) -> 0 | F27: =IFERROR(__xludf.DUMMYFUNCTION("COUNTIFS(IMPORTRANGE('Survey Progress'!$B$32, ""data!$B$2:$B$800""), ""=""&$A27, IMPORTRANGE('Survey Progress'!$B$32, ""data!$S$2:$S$800""), ""*""&F$2&""*"")"),0.0) -> 0 | G27: =IFERROR(__xludf.DUMMYFUNCTION("COUNTIFS(IMPORTRANGE('Survey Progress'!$B$32, ""data!$B$2:$B$800""), ""=""&$A27, IMPORTRANGE('Survey Progress'!$B$32, ""data!$S$2:$S$800""), ""*""&G$2&""*"")"),0.0) -> 0 | H27: =IFERROR(__xludf.DUMMYFUNCTION("COUNTIFS(IMPORTRANGE('Survey Progress'!$B$32, ""data!$B$2:$B$800""), ""=""&$A27, IMPORTRANGE('Survey Progress'!$B$32, ""data!$S$2:$S$800""), ""*""&H$2&""*"")"),0.0) -> 0 | I27: =IFERROR(__xludf.DUMMYFUNCTION("COUNTIFS(IMPORTRANGE('Survey Progress'!$B$32, ""data!$B$2:$B$800""), ""=""&$A27, IMPORTRANGE('Survey Progress'!$B$32, ""data!$S$2:$S$800""), ""*""&I$2&""*"")"),0.0) -> 0 | J27: =IFERROR(__xludf.DUMMYFUNCTION("COUNTIFS(IMPORTRANGE('Survey Progress'!$B$32, ""data!$B$2:$B$800""), ""=""&$A27, IMPORTRANGE('Survey Progress'!$B$32, ""data!$S$2:$S$800""), ""*""&J$2&""*"")"),0.0) -> 0 | K27: =IFERROR(__xludf.DUMMYFUNCTION("COUNTIFS(IMPORTRANGE('Survey Progress'!$B$32, ""data!$B$2:$B$800""), ""=""&$A27, IMPORTRANGE('Survey Progress'!$B$32, ""data!$S$2:$S$800""), ""*""&K$2&""*"")"),0.0) -> 0 | L27: =IFERROR(__xludf.DUMMYFUNCTION("COUNTIFS(IMPORTRANGE('Survey Progress'!$B$32, ""data!$B$2:$B$800""), ""=""&$A27, IMPORTRANGE('Survey Progress'!$B$32, ""data!$S$2:$S$800""), ""*""&L$2&""*"")"),0.0) -> 0 | M27: =IFERROR(__xludf.DUMMYFUNCTION("COUNTIFS(IMPORTRANGE('Survey Progress'!$B$32, ""data!$B$2:$B$800""), ""=""&$A27, IMPORTRANGE('Survey Progress'!$B$32, ""data!$S$2:$S$800""), ""*""&M$2&""*"")"),0.0) -> 0 | N27: =IFERROR(__xludf.DUMMYFUNCTION("COUNTIFS(IMPORTRANGE('Survey Progress'!$B$32, ""data!$B$2:$B$800""), ""=""&$A27, IMPORTRANGE('Survey Progress'!$B$32, ""data!$S$2:$S$800""), ""*""&N$2&""*"")"),0.0) -> 0 | O27: =IFERROR(__xludf.DUMMYFUNCTION("COUNTIFS(IMPORTRANGE('Survey Progress'!$B$32, ""data!$B$2:$B$800""), ""=""&$A27, IMPORTRANGE('Survey Progress'!$B$32, ""data!$S$2:$S$800""), ""*""&O$2&""*"")"),0.0) -> 0 | P27: =IFERROR(__xludf.DUMMYFUNCTION("COUNTIFS(IMPORTRANGE('Survey Progress'!$B$32, ""data!$B$2:$B$800""), ""=""&$A27, IMPORTRANGE('Survey Progress'!$B$32, ""data!$S$2:$S$800""), ""*""&P$2&""*"")"),0.0) -> 0 | Q27: =IFERROR(__xludf.DUMMYFUNCTION("COUNTIFS(IMPORTRANGE('Survey Progress'!$B$32, ""data!$B$2:$B$800""), ""=""&$A27, IMPORTRANGE('Survey Progress'!$B$32, ""data!$S$2:$S$800""), ""*""&Q$2&""*"")"),0.0) -> 0 | R27: =IFERROR(__xludf.DUMMYFUNCTION("COUNTIFS(IMPORTRANGE('Survey Progress'!$B$32, ""data!$B$2:$B$800""), ""=""&$A27, IMPORTRANGE('Survey Progress'!$B$32, ""data!$S$2:$S$800""), ""*""&R$2&""*"")"),0.0) -> 0 | S27: =IFERROR(__xludf.DUMMYFUNCTION("COUNTIFS(IMPORTRANGE('Survey Progress'!$B$32, ""data!$B$2:$B$800""), ""=""&$A27, IMPORTRANGE('Survey Progress'!$B$32, ""data!$S$2:$S$800""), ""*""&S$2&""*"")"),0.0) -> 0 | T27: =IFERROR(__xludf.DUMMYFUNCTION("COUNTIFS(IMPORTRANGE('Survey Progress'!$B$32, ""data!$B$2:$B$800""), ""=""&$A27, IMPORTRANGE('Survey Progress'!$B$32, ""data!$S$2:$S$800""), ""*""&T$2&""*"")"),0.0) -> 0
A28: Issaka Ali Ibrahim | B28: PM | C28: =IFERROR(__xludf.DUMMYFUNCTION("COUNTIFS(IMPORTRANGE('Survey Progress'!$B$33, ""data!B2:B800""), ""=""&$A28, IMPORTRANGE('Survey Progress'!$B$33, ""data!O2:O800""), ""*""&C$2&""*"")"),0.0) -> 0 | D28: =IFERROR(__xludf.DUMMYFUNCTION("COUNTIFS(IMPORTRANGE('Survey Progress'!$B$33, ""data!B2:B800""), ""=""&$A28, IMPORTRANGE('Survey Progress'!$B$33, ""data!O2:O800""), ""*""&D$2&""*"")"),0.0) -> 0 | E28: =IFERROR(__xludf.DUMMYFUNCTION("COUNTIFS(IMPORTRANGE('Survey Progress'!$B$33, ""data!B2:B800""), ""=""&$A28, IMPORTRANGE('Survey Progress'!$B$33, ""data!O2:O800""), ""*""&E$2&""*"")"),0.0) -> 0 | F28: =IFERROR(__xludf.DUMMYFUNCTION("COUNTIFS(IMPORTRANGE('Survey Progress'!$B$33, ""data!B2:B800""), ""=""&$A28, IMPORTRANGE('Survey Progress'!$B$33, ""data!O2:O800""), ""*""&F$2&""*"")"),0.0) -> 0 | G28: =IFERROR(__xludf.DUMMYFUNCTION("COUNTIFS(IMPORTRANGE('Survey Progress'!$B$33, ""data!B2:B800""), ""=""&$A28, IMPORTRANGE('Survey Progress'!$B$33, ""data!O2:O800""), ""*""&G$2&""*"")"),0.0) -> 0 | H28: =IFERROR(__xludf.DUMMYFUNCTION("COUNTIFS(IMPORTRANGE('Survey Progress'!$B$33, ""data!B2:B800""), ""=""&$A28, IMPORTRANGE('Survey Progress'!$B$33, ""data!O2:O800""), ""*""&H$2&""*"")"),0.0) -> 0 | I28: =IFERROR(__xludf.DUMMYFUNCTION("COUNTIFS(IMPORTRANGE('Survey Progress'!$B$33, ""data!B2:B800""), ""=""&$A28, IMPORTRANGE('Survey Progress'!$B$33, ""data!O2:O800""), ""*""&I$2&""*"")"),0.0) -> 0 | J28: =IFERROR(__xludf.DUMMYFUNCTION("COUNTIFS(IMPORTRANGE('Survey Progress'!$B$33, ""data!B2:B800""), ""=""&$A28, IMPORTRANGE('Survey Progress'!$B$33, ""data!O2:O800""), ""*""&J$2&""*"")"),0.0) -> 0 | K28: =IFERROR(__xludf.DUMMYFUNCTION("COUNTIFS(IMPORTRANGE('Survey Progress'!$B$33, ""data!B2:B800""), ""=""&$A28, IMPORTRANGE('Survey Progress'!$B$33, ""data!O2:O800""), ""*""&K$2&""*"")"),0.0) -> 0 | L28: =IFERROR(__xludf.DUMMYFUNCTION("COUNTIFS(IMPORTRANGE('Survey Progress'!$B$33, ""data!B2:B800""), ""=""&$A28, IMPORTRANGE('Survey Progress'!$B$33, ""data!O2:O800""), ""*""&L$2&""*"")"),0.0) -> 0 | M28: =IFERROR(__xludf.DUMMYFUNCTION("COUNTIFS(IMPORTRANGE('Survey Progress'!$B$33, ""data!B2:B800""), ""=""&$A28, IMPORTRANGE('Survey Progress'!$B$33, ""data!O2:O800""), ""*""&M$2&""*"")"),0.0) -> 0 | N28: =IFERROR(__xludf.DUMMYFUNCTION("COUNTIFS(IMPORTRANGE('Survey Progress'!$B$33, ""data!B2:B800""), ""=""&$A28, IMPORTRANGE('Survey Progress'!$B$33, ""data!O2:O800""), ""*""&N$2&""*"")"),0.0) -> 0 | O28: =IFERROR(__xludf.DUMMYFUNCTION("COUNTIFS(IMPORTRANGE('Survey Progress'!$B$33, ""data!B2:B800""), ""=""&$A28, IMPORTRANGE('Survey Progress'!$B$33, ""data!O2:O800""), ""*""&O$2&""*"")"),0.0) -> 0 | P28: =IFERROR(__xludf.DUMMYFUNCTION("COUNTIFS(IMPORTRANGE('Survey Progress'!$B$33, ""data!B2:B800""), ""=""&$A28, IMPORTRANGE('Survey Progress'!$B$33, ""data!O2:O800""), ""*""&P$2&""*"")"),0.0) -> 0 | Q28: =IFERROR(__xludf.DUMMYFUNCTION("COUNTIFS(IMPORTRANGE('Survey Progress'!$B$33, ""data!B2:B800""), ""=""&$A28, IMPORTRANGE('Survey Progress'!$B$33, ""data!O2:O800""), ""*""&Q$2&""*"")"),0.0) -> 0 | R28: =IFERROR(__xludf.DUMMYFUNCTION("COUNTIFS(IMPORTRANGE('Survey Progress'!$B$33, ""data!B2:B800""), ""=""&$A28, IMPORTRANGE('Survey Progress'!$B$33, ""data!O2:O800""), ""*""&R$2&""*"")"),0.0) -> 0 | S28: =IFERROR(__xludf.DUMMYFUNCTION("COUNTIFS(IMPORTRANGE('Survey Progress'!$B$33, ""data!B2:B800""), ""=""&$A28, IMPORTRANGE('Survey Progress'!$B$33, ""data!O2:O800""), ""*""&S$2&""*"")"),0.0) -> 0 | T28: =IFERROR(__xludf.DUMMYFUNCTION("COUNTIFS(IMPORTRANGE('Survey Progress'!$B$33, ""data!B2:B800""), ""=""&$A28, IMPORTRANGE('Survey Progress'!$B$33, ""data!O2:O800""), ""*""&T$2&""*"")"),0.0) -> 0
